vid_id,blink_count,frames,age_grp,gender,time_of_day,bpf,label
0,46,396,2,0,4,0.1161616161616161,0
1,14,460,1,1,2,0.0304347826086956,0
2,46,693,3,0,4,0.0663780663780663,0
3,128,303,2,0,4,0.4224422442244224,0
4,19,309,1,0,4,0.0614886731391585,0
5,17,385,1,1,4,0.0441558441558441,0
6,9,310,2,0,4,0.0290322580645161,0
7,72,505,1,1,1,0.1425742574257425,0
8,45,637,2,1,4,0.0706436420722135,0
9,44,588,3,0,4,0.0748299319727891,0
10,12,474,2,1,1,0.0253164556962025,0
11,2,632,1,0,2,0.0031645569620253,0
12,26,363,1,1,4,0.071625344352617,0
13,91,332,3,1,4,0.2740963855421687,0
14,43,676,1,0,4,0.0636094674556213,0
15,106,437,2,0,4,0.2425629290617849,0
16,30,678,3,0,4,0.0442477876106194,0
17,20,398,3,1,4,0.050251256281407,0
18,18,432,3,1,4,0.0416666666666666,0
19,106,1385,2,1,4,0.0765342960288808,0
20,34,390,2,0,0,0.0871794871794871,0
21,82,431,1,1,4,0.1902552204176334,0
22,196,325,1,0,4,0.6030769230769231,0
23,19,553,1,0,3,0.0343580470162748,0
24,9,306,3,0,3,0.0294117647058823,0
25,46,747,2,1,4,0.0615796519410977,0
26,36,322,2,1,4,0.1118012422360248,0
27,32,315,4,0,2,0.1015873015873015,0
28,24,434,2,1,4,0.0552995391705069,0
29,11,416,3,1,4,0.0264423076923076,0
30,60,297,1,1,2,0.202020202020202,0
31,58,482,2,0,4,0.1203319502074688,0
32,30,310,1,1,0,0.0967741935483871,0
33,799,809,2,0,4,0.9876390605686032,0
34,45,407,1,1,0,0.1105651105651105,0
35,42,423,1,0,4,0.0992907801418439,0
36,9,337,1,0,4,0.0267062314540059,0
37,46,454,1,1,4,0.1013215859030837,0
38,14,305,2,1,2,0.0459016393442622,0
39,70,609,2,0,4,0.1149425287356321,0
40,250,548,2,1,4,0.4562043795620438,0
41,232,349,1,0,4,0.664756446991404,0
42,34,338,2,1,0,0.1005917159763313,0
43,29,495,3,0,2,0.0585858585858585,0
44,12,335,1,0,0,0.035820895522388,0
45,38,350,2,1,1,0.1085714285714285,0
46,24,504,1,1,2,0.0476190476190476,0
47,15,319,2,1,4,0.0470219435736677,0
48,240,485,2,1,4,0.4948453608247423,0
49,25,360,2,1,1,0.0694444444444444,0
50,87,530,4,0,1,0.1641509433962264,0
51,69,717,1,1,4,0.0962343096234309,0
52,5,323,2,1,0,0.0154798761609907,0
53,49,417,3,1,4,0.1175059952038369,0
54,75,368,2,0,4,0.2038043478260869,0
55,144,394,3,0,4,0.365482233502538,0
56,4,373,2,0,4,0.0107238605898123,0
57,18,431,1,1,4,0.0417633410672853,0
58,94,669,1,0,0,0.14050822122571,0
59,75,721,2,0,4,0.1040221914008321,0
60,256,844,4,1,4,0.3033175355450237,0
61,40,337,2,0,4,0.1186943620178041,0
62,7,423,3,1,4,0.0165484633569739,0
63,136,930,1,0,4,0.1462365591397849,0
64,112,402,3,0,1,0.2786069651741293,0
65,68,442,1,1,4,0.1538461538461538,0
66,3,435,1,1,1,0.0068965517241379,0
67,30,538,3,1,4,0.0557620817843866,0
68,20,401,1,1,2,0.0498753117206982,0
69,111,774,1,1,1,0.1434108527131783,0
70,81,367,2,1,1,0.220708446866485,0
71,2,453,4,0,4,0.0044150110375275,0
72,12,311,1,1,4,0.0385852090032154,0
73,6,703,1,0,4,0.0085348506401137,0
74,10,345,2,1,4,0.0289855072463768,0
75,88,613,1,1,1,0.1435562805872756,0
76,102,329,1,1,3,0.3100303951367781,0
77,93,611,4,0,4,0.1522094926350245,0
78,16,523,2,0,0,0.0305927342256214,0
79,57,424,0,1,1,0.1344339622641509,0
80,51,483,3,0,4,0.1055900621118012,0
81,256,1170,2,0,4,0.2188034188034188,0
82,2,316,2,1,4,0.0063291139240506,0
83,441,545,2,1,4,0.8091743119266055,0
84,152,375,1,1,3,0.4053333333333333,0
85,25,329,2,1,4,0.0759878419452887,0
86,59,935,2,1,1,0.0631016042780748,0
87,1,309,2,0,1,0.0032362459546925,0
88,52,665,2,1,4,0.0781954887218045,0
89,32,751,2,1,4,0.0426098535286285,0
90,10,687,3,1,4,0.0145560407569141,0
91,17,639,3,1,4,0.0266040688575899,0
92,16,460,3,0,4,0.0347826086956521,0
93,31,308,1,1,0,0.1006493506493506,0
94,15,559,1,0,2,0.0268336314847942,0
95,27,1006,1,1,4,0.0268389662027833,0
96,504,504,1,1,4,1.0,0
97,15,478,2,0,4,0.0313807531380753,0
98,2,299,3,0,4,0.0066889632107023,0
99,102,613,2,1,1,0.166394779771615,0
100,18,423,2,0,4,0.0425531914893617,0
101,20,1148,3,1,4,0.0174216027874564,0
102,13,389,3,0,2,0.0334190231362467,0
103,47,595,2,1,4,0.0789915966386554,0
104,192,462,2,1,0,0.4155844155844156,0
105,21,300,1,1,4,0.07,0
106,38,356,4,0,4,0.1067415730337078,0
107,23,556,1,0,4,0.0413669064748201,0
108,45,300,0,1,0,0.15,0
109,18,298,3,0,4,0.0604026845637583,0
110,186,565,1,0,2,0.3292035398230089,0
111,37,433,3,0,2,0.0854503464203233,0
112,47,418,0,1,0,0.1124401913875598,0
113,80,841,1,1,2,0.0951248513674197,0
114,102,1269,1,0,4,0.0803782505910165,0
115,0,320,4,0,2,0.0,0
116,27,327,2,1,4,0.0825688073394495,0
117,65,548,0,1,0,0.1186131386861313,0
118,58,352,0,1,3,0.1647727272727272,0
119,13,502,3,1,4,0.0258964143426294,0
120,18,405,2,1,4,0.0444444444444444,0
121,8,553,3,1,1,0.0144665461121157,0
122,8,309,1,1,2,0.0258899676375404,0
123,34,514,2,1,4,0.0661478599221789,0
124,26,318,2,1,4,0.0817610062893081,0
125,43,500,0,1,4,0.086,0
126,101,328,1,1,3,0.3079268292682927,0
127,55,864,2,0,4,0.0636574074074074,0
128,305,735,2,0,4,0.4149659863945578,0
129,8,330,3,0,4,0.0242424242424242,0
130,20,662,1,1,4,0.0302114803625377,0
131,10,306,3,0,4,0.0326797385620915,0
132,12,413,2,1,1,0.0290556900726392,0
133,11,767,2,0,4,0.014341590612777,0
134,14,346,1,1,4,0.0404624277456647,0
135,37,327,0,1,4,0.1131498470948012,0
136,339,611,1,1,1,0.5548281505728314,0
137,68,606,1,1,4,0.1122112211221122,0
138,19,410,1,1,4,0.0463414634146341,0
139,29,378,1,1,4,0.0767195767195767,0
140,373,485,2,0,4,0.7690721649484537,0
141,32,508,2,1,4,0.0629921259842519,0
142,96,962,2,1,4,0.0997920997920998,0
143,109,414,3,0,4,0.2632850241545894,0
144,17,344,1,1,0,0.0494186046511627,0
145,7,475,1,1,4,0.0147368421052631,0
146,168,1003,3,1,1,0.1674975074775673,0
147,13,667,3,0,2,0.0194902548725637,0
148,55,475,4,1,4,0.1157894736842105,0
149,42,363,2,1,0,0.1157024793388429,0
150,9,456,3,0,4,0.0197368421052631,0
151,10,347,2,1,4,0.0288184438040345,0
152,35,313,0,1,4,0.1118210862619808,0
153,50,732,1,0,4,0.0683060109289617,0
154,43,594,2,1,2,0.0723905723905724,0
155,72,829,1,1,4,0.0868516284680337,0
156,518,518,3,0,4,1.0,0
157,28,486,2,0,4,0.0576131687242798,0
158,203,444,1,1,4,0.4572072072072072,0
159,36,325,1,0,0,0.1107692307692307,0
160,7,534,2,0,0,0.0131086142322097,0
161,38,369,1,1,4,0.1029810298102981,0
162,123,685,1,1,0,0.1795620437956204,0
163,54,304,1,0,4,0.1776315789473684,0
164,70,1021,3,0,4,0.068560235063663,0
165,213,387,2,1,4,0.5503875968992248,0
166,35,756,2,1,0,0.0462962962962962,0
167,2,341,2,1,2,0.0058651026392961,0
168,277,1228,1,1,4,0.2255700325732899,0
169,80,649,2,1,4,0.12326656394453,0
170,29,504,3,1,1,0.0575396825396825,0
171,47,541,4,0,4,0.0868761552680221,0
172,81,752,4,0,4,0.1077127659574468,0
173,120,721,0,0,0,0.1664355062413315,0
174,2,414,2,1,2,0.0048309178743961,0
175,199,504,2,0,4,0.3948412698412698,0
176,38,376,0,1,0,0.101063829787234,0
177,46,410,1,1,1,0.1121951219512195,0
178,39,521,3,1,4,0.0748560460652591,0
179,203,1260,3,0,4,0.1611111111111111,0
180,26,569,3,0,4,0.0456942003514938,0
181,34,478,2,0,4,0.0711297071129707,0
182,62,620,2,1,3,0.1,0
183,64,390,3,0,4,0.1641025641025641,0
184,676,1254,3,1,4,0.5390749601275917,0
185,35,875,3,0,4,0.04,0
186,90,334,3,1,4,0.2694610778443114,0
187,198,986,2,0,0,0.2008113590263691,0
188,11,310,2,1,3,0.0354838709677419,0
189,64,512,2,1,4,0.125,0
190,25,331,1,1,1,0.0755287009063444,0
191,24,372,2,1,4,0.064516129032258,0
192,30,287,1,1,4,0.1045296167247386,0
193,45,372,1,1,1,0.1209677419354838,0
194,53,567,2,0,4,0.0934744268077601,0
195,31,333,2,0,4,0.093093093093093,0
196,27,426,3,0,2,0.0633802816901408,0
197,56,880,3,0,4,0.0636363636363636,0
198,27,392,2,0,4,0.0688775510204081,0
199,29,368,1,0,2,0.0788043478260869,0
200,77,719,2,1,4,0.1070931849791377,0
201,32,863,2,1,4,0.0370799536500579,0
202,268,323,2,1,4,0.8297213622291022,0
203,24,446,2,1,4,0.0538116591928251,0
204,113,515,2,1,1,0.2194174757281553,0
205,43,307,3,1,4,0.1400651465798045,0
206,5,714,1,1,4,0.0070028011204481,0
207,13,346,1,1,1,0.0375722543352601,0
208,38,465,2,1,4,0.0817204301075268,0
209,29,337,3,0,4,0.086053412462908,0
210,194,839,4,0,3,0.2312276519666269,0
211,74,527,2,1,4,0.1404174573055028,0
212,11,415,2,0,4,0.0265060240963855,0
213,41,378,3,1,2,0.1084656084656084,0
214,35,462,1,1,1,0.0757575757575757,0
215,21,588,2,1,4,0.0357142857142857,0
216,31,476,3,0,4,0.065126050420168,0
217,296,702,1,1,3,0.4216524216524216,0
218,50,353,3,0,1,0.141643059490085,0
219,50,350,2,1,3,0.1428571428571428,0
220,9,357,2,1,4,0.0252100840336134,0
221,718,718,2,1,4,1.0,0
222,18,407,2,1,4,0.0442260442260442,0
223,53,336,3,1,2,0.1577380952380952,0
224,28,488,1,0,4,0.0573770491803278,0
225,15,304,1,1,4,0.0493421052631578,0
226,69,328,4,1,4,0.2103658536585365,0
227,121,441,2,1,4,0.2743764172335601,0
228,0,556,1,0,4,0.0,0
229,43,392,3,1,4,0.1096938775510204,0
230,33,372,4,1,4,0.0887096774193548,0
231,69,573,2,1,4,0.1204188481675392,0
232,12,574,3,1,4,0.0209059233449477,0
233,589,675,2,1,4,0.8725925925925926,0
234,14,528,1,0,0,0.0265151515151515,0
235,36,312,1,0,3,0.1153846153846153,0
236,17,651,2,0,4,0.0261136712749615,0
237,757,757,3,0,4,1.0,0
238,17,622,2,1,4,0.0273311897106109,0
239,54,588,3,0,4,0.0918367346938775,0
240,195,1274,3,1,4,0.1530612244897959,0
241,9,292,3,0,4,0.0308219178082191,0
242,18,331,3,1,4,0.0543806646525679,0
243,100,387,2,0,4,0.2583979328165374,0
244,17,557,2,1,4,0.0305206463195691,0
245,14,334,1,0,4,0.0419161676646706,0
246,32,496,2,1,4,0.064516129032258,0
247,39,399,2,1,4,0.0977443609022556,0
248,29,496,3,1,4,0.0584677419354838,0
249,66,632,0,1,0,0.1044303797468354,0
250,163,564,1,1,4,0.2890070921985815,0
251,22,346,3,1,4,0.0635838150289017,0
252,59,572,3,0,4,0.1031468531468531,0
253,29,501,0,0,0,0.0578842315369261,0
254,420,427,3,1,4,0.9836065573770492,0
255,48,470,0,1,1,0.102127659574468,0
256,29,546,1,1,2,0.0531135531135531,0
257,71,763,1,1,4,0.0930537352555701,0
258,54,498,2,1,4,0.108433734939759,0
259,79,444,3,0,4,0.1779279279279279,0
260,99,302,3,1,2,0.3278145695364238,0
261,76,677,3,1,4,0.1122599704579025,0
262,37,397,2,1,4,0.0931989924433249,0
263,92,300,2,1,0,0.3066666666666666,0
264,57,455,1,1,4,0.1252747252747252,0
265,1,552,2,1,0,0.0018115942028985,0
266,108,465,1,0,3,0.232258064516129,0
267,28,306,2,0,1,0.0915032679738562,0
268,8,1465,4,0,4,0.0054607508532423,0
269,97,387,3,0,4,0.2506459948320413,0
270,10,311,1,0,4,0.0321543408360128,0
271,43,490,1,1,4,0.0877551020408163,0
272,130,323,1,1,4,0.4024767801857585,0
273,13,322,3,0,4,0.0403726708074534,0
274,18,474,2,1,1,0.0379746835443038,0
275,74,424,2,1,0,0.1745283018867924,0
276,12,331,3,0,3,0.0362537764350453,0
277,41,966,3,0,2,0.0424430641821946,0
278,35,449,2,0,4,0.0779510022271715,0
279,29,906,4,0,4,0.032008830022075,0
280,36,606,3,1,3,0.0594059405940594,0
281,308,309,1,1,4,0.9967637540453076,0
282,428,594,2,1,4,0.7205387205387206,0
283,83,966,3,0,4,0.0859213250517598,0
284,32,483,2,1,3,0.0662525879917184,0
285,19,383,1,1,4,0.0496083550913838,0
286,74,668,2,0,4,0.1107784431137724,0
287,42,475,1,1,3,0.0884210526315789,0
288,31,543,2,1,4,0.0570902394106814,0
289,34,597,3,0,4,0.0569514237855946,0
290,78,422,2,1,3,0.1848341232227488,0
291,17,330,1,0,1,0.0515151515151515,0
292,33,425,2,1,4,0.0776470588235294,0
293,83,758,2,1,2,0.1094986807387862,0
294,48,604,3,1,4,0.0794701986754966,0
295,6,411,4,1,1,0.0145985401459854,0
296,52,336,3,1,4,0.1547619047619047,0
297,50,390,2,0,4,0.1282051282051282,0
298,47,569,3,0,4,0.0826010544815465,0
299,29,314,4,1,4,0.0923566878980891,0
300,66,598,2,0,2,0.1103678929765886,0
301,121,763,2,1,4,0.1585845347313237,0
302,106,875,4,1,4,0.1211428571428571,0
303,60,571,1,1,4,0.1050788091068301,0
304,29,610,1,0,3,0.0475409836065573,0
305,11,843,3,0,2,0.0130486358244365,0
306,108,728,2,0,4,0.1483516483516483,0
307,2,378,4,0,1,0.0052910052910052,0
308,139,502,2,1,4,0.2768924302788844,0
309,56,850,2,1,4,0.0658823529411764,0
310,123,375,2,0,1,0.328,0
311,44,368,3,0,4,0.1195652173913043,0
312,33,428,1,1,4,0.0771028037383177,0
313,96,481,3,0,4,0.1995841995841996,0
314,5,413,3,0,4,0.0121065375302663,0
315,0,304,2,1,3,0.0,0
316,19,566,2,1,4,0.0335689045936395,0
317,34,682,3,1,4,0.0498533724340175,0
318,306,475,2,1,4,0.6442105263157895,0
319,21,717,4,0,4,0.0292887029288702,0
320,110,504,2,1,0,0.2182539682539682,0
321,18,567,2,1,4,0.0317460317460317,0
322,43,313,4,1,4,0.1373801916932907,0
323,7,456,2,1,4,0.0153508771929824,0
324,74,1249,4,0,4,0.0592473979183346,0
325,156,1421,4,0,4,0.1097818437719915,0
326,166,914,2,0,4,0.1816192560175054,0
327,25,495,2,1,4,0.0505050505050505,0
328,51,319,1,1,0,0.1598746081504702,0
329,8,415,2,1,4,0.0192771084337349,0
330,33,407,3,1,0,0.081081081081081,0
331,194,469,3,1,4,0.4136460554371002,0
332,26,695,2,1,1,0.037410071942446,0
333,367,429,3,0,4,0.8554778554778555,0
334,61,1339,2,1,4,0.0455563853622106,0
335,32,384,3,0,1,0.0833333333333333,0
336,309,507,2,1,4,0.6094674556213018,0
337,48,331,1,0,3,0.1450151057401812,0
338,347,889,3,1,4,0.390326209223847,0
339,125,457,3,1,3,0.2735229759299781,0
340,18,293,1,1,4,0.0614334470989761,0
341,66,827,2,1,0,0.0798065296251511,0
342,11,302,2,0,4,0.0364238410596026,0
343,70,299,4,0,1,0.2341137123745819,0
344,0,631,2,1,4,0.0,0
345,187,423,2,1,4,0.442080378250591,0
346,49,615,3,0,2,0.0796747967479674,0
347,36,458,3,0,4,0.0786026200873362,0
348,8,414,2,1,4,0.0193236714975845,0
349,347,471,2,1,4,0.7367303609341825,0
350,24,405,1,1,1,0.0592592592592592,0
351,18,684,4,0,4,0.0263157894736842,0
352,40,421,3,0,3,0.0950118764845605,0
353,48,358,4,0,4,0.1340782122905028,0
354,46,460,3,1,4,0.1,0
355,139,499,2,1,1,0.2785571142284569,0
356,175,558,2,0,1,0.3136200716845878,0
357,54,346,4,0,4,0.1560693641618497,0
358,40,534,4,0,4,0.0749063670411985,0
359,36,456,1,1,0,0.0789473684210526,0
360,136,385,0,1,0,0.3532467532467532,0
361,105,455,1,0,1,0.2307692307692307,0
362,42,455,2,1,4,0.0923076923076923,0
363,28,473,2,0,2,0.0591966173361522,0
364,63,648,3,0,4,0.0972222222222222,0
365,23,369,3,0,4,0.062330623306233,0
366,8,404,2,1,4,0.0198019801980198,0
367,9,649,2,1,3,0.0138674884437596,0
368,244,761,3,1,0,0.3206307490144546,0
369,35,320,0,1,4,0.109375,0
370,137,396,2,1,4,0.3459595959595959,0
371,35,718,1,1,4,0.0487465181058495,0
372,55,486,1,1,2,0.1131687242798353,0
373,75,602,2,0,0,0.1245847176079734,0
374,300,586,1,0,1,0.5119453924914675,0
375,20,353,0,1,4,0.0566572237960339,0
376,464,515,3,1,4,0.9009708737864076,0
377,26,398,4,0,4,0.0653266331658291,0
378,211,761,0,1,0,0.2772667542706964,0
379,54,341,1,1,2,0.158357771260997,0
380,7,455,4,0,4,0.0153846153846153,0
381,13,578,2,1,4,0.0224913494809688,0
382,6,313,1,0,4,0.0191693290734824,0
383,32,465,3,0,4,0.0688172043010752,0
384,36,462,0,0,4,0.0779220779220779,0
385,18,349,1,1,1,0.0515759312320916,0
386,32,449,0,1,3,0.0712694877505567,0
387,6,528,0,0,2,0.0113636363636363,0
388,2,636,3,1,4,0.0031446540880503,0
389,19,314,2,1,4,0.0605095541401273,0
390,97,809,1,1,2,0.1199011124845488,0
391,21,547,1,1,4,0.0383912248628884,0
392,25,1496,3,1,4,0.016711229946524,0
393,41,579,0,0,4,0.0708117443868739,0
394,11,420,3,0,0,0.0261904761904761,0
395,55,448,3,0,1,0.1227678571428571,0
396,41,525,1,1,4,0.078095238095238,0
397,30,355,3,1,3,0.0845070422535211,0
398,140,582,3,1,3,0.2405498281786941,0
399,213,862,3,1,0,0.2470997679814385,0
400,38,357,2,1,4,0.1064425770308123,0
401,70,492,3,0,3,0.1422764227642276,0
402,23,423,3,1,4,0.0543735224586288,0
403,707,707,3,1,1,1.0,0
404,53,798,2,0,2,0.0664160401002506,0
405,6,531,2,0,3,0.0112994350282485,0
406,20,512,3,1,4,0.0390625,0
407,50,504,4,0,4,0.0992063492063492,0
408,17,306,1,0,3,0.0555555555555555,0
409,34,361,1,0,4,0.0941828254847645,0
410,89,459,1,1,2,0.1938997821350762,0
411,70,529,1,1,1,0.1323251417769376,0
412,46,572,2,1,4,0.0804195804195804,0
413,14,379,3,1,4,0.0369393139841688,0
414,106,587,1,1,1,0.1805792163543441,0
415,225,563,1,0,4,0.3996447602131439,0
416,62,313,3,0,1,0.1980830670926517,0
417,56,861,2,1,4,0.065040650406504,0
418,12,319,2,1,3,0.0376175548589341,0
419,53,487,1,0,2,0.108829568788501,0
420,79,1126,2,0,4,0.0701598579040852,0
421,89,1038,1,1,4,0.0857418111753371,0
422,27,316,1,0,3,0.0854430379746835,0
423,230,1814,1,1,2,0.1267916207276736,0
424,20,311,3,0,4,0.0643086816720257,0
425,133,336,3,1,4,0.3958333333333333,0
426,0,335,0,1,1,0.0,0
427,468,468,3,1,4,1.0,0
428,49,540,1,1,3,0.0907407407407407,0
429,20,457,3,0,2,0.0437636761487965,0
430,19,357,0,1,2,0.0532212885154061,0
431,65,616,1,0,4,0.1055194805194805,0
432,18,360,3,0,1,0.05,0
433,27,532,3,0,1,0.0507518796992481,0
434,69,337,2,1,3,0.2047477744807121,0
435,60,476,3,0,4,0.1260504201680672,0
436,16,518,1,1,3,0.0308880308880308,0
437,56,593,1,1,2,0.0944350758853288,0
438,20,542,2,1,2,0.03690036900369,0
439,23,462,3,1,1,0.0497835497835497,0
440,37,419,3,0,1,0.0883054892601432,0
441,11,305,1,1,3,0.0360655737704918,0
442,28,355,0,0,2,0.0788732394366197,0
443,702,1146,3,0,4,0.612565445026178,0
444,92,437,3,0,4,0.2105263157894736,0
445,294,1053,4,0,3,0.2792022792022792,0
446,239,423,0,1,3,0.5650118203309693,0
447,37,326,3,0,2,0.1134969325153374,0
448,15,528,4,0,4,0.0284090909090909,0
449,17,306,3,0,4,0.0555555555555555,0
450,72,774,2,1,0,0.0930232558139534,0
451,81,383,3,0,2,0.2114882506527415,0
452,23,606,4,0,4,0.0379537953795379,0
453,95,645,2,1,0,0.1472868217054263,0
454,26,384,2,1,0,0.0677083333333333,0
455,18,370,3,1,2,0.0486486486486486,0
456,608,608,3,0,2,1.0,0
457,32,528,3,1,3,0.0606060606060606,0
458,21,351,2,1,0,0.0598290598290598,0
459,129,526,0,1,0,0.2452471482889733,0
460,46,640,0,1,1,0.071875,0
461,9,612,1,1,4,0.0147058823529411,0
462,29,585,3,1,1,0.0495726495726495,0
463,91,315,2,0,4,0.2888888888888888,0
464,61,404,2,0,4,0.1509900990099009,0
465,40,329,0,1,1,0.121580547112462,0
466,48,334,3,1,2,0.1437125748502994,0
467,47,423,3,1,4,0.1111111111111111,0
468,57,597,3,0,4,0.0954773869346733,0
469,124,414,0,1,3,0.2995169082125604,0
470,49,905,2,1,3,0.0541436464088397,0
471,38,540,1,1,4,0.0703703703703703,0
472,6,479,3,1,4,0.0125260960334029,0
473,56,574,2,1,4,0.0975609756097561,0
474,12,296,2,1,4,0.0405405405405405,0
475,43,337,2,1,3,0.1275964391691394,0
476,28,310,2,1,3,0.0903225806451612,0
477,37,365,2,1,2,0.1013698630136986,0
478,31,749,3,1,4,0.041388518024032,0
479,7,488,3,1,0,0.0143442622950819,0
480,5,485,3,1,4,0.0103092783505154,0
481,17,414,3,1,4,0.0410628019323671,0
482,167,354,2,1,3,0.4717514124293785,0
483,40,375,3,1,4,0.1066666666666666,0
484,26,319,4,0,4,0.0815047021943573,0
485,86,803,1,1,3,0.1070983810709838,0
486,13,564,3,1,4,0.0230496453900709,0
487,52,319,3,1,1,0.1630094043887147,0
488,33,518,1,1,3,0.0637065637065637,0
489,108,566,3,0,4,0.1908127208480565,0
490,115,635,2,1,0,0.1811023622047244,0
491,417,427,2,0,4,0.9765807962529274,0
492,3,347,3,0,4,0.0086455331412103,0
493,35,395,1,1,3,0.0886075949367088,0
494,69,802,2,0,2,0.0860349127182044,0
495,40,573,4,0,3,0.0698080279232111,0
496,313,1496,3,1,4,0.2092245989304813,0
497,91,621,1,1,1,0.1465378421900161,0
498,7,317,3,0,4,0.0220820189274447,0
499,78,514,3,0,4,0.1517509727626459,0
500,9,292,1,1,4,0.0308219178082191,0
501,33,522,1,0,4,0.0632183908045977,0
502,25,317,1,0,0,0.0788643533123028,0
503,3,674,1,1,4,0.0044510385756676,0
504,30,317,2,0,4,0.0946372239747634,0
505,0,543,2,0,4,0.0,0
506,81,668,1,1,4,0.1212574850299401,0
507,113,469,2,1,4,0.2409381663113006,0
508,25,603,1,1,4,0.0414593698175787,0
509,125,563,2,0,4,0.2220248667850799,0
510,27,340,1,0,4,0.0794117647058823,0
511,34,809,2,1,4,0.042027194066749,0
512,173,750,2,0,4,0.2306666666666666,0
513,30,494,1,0,4,0.0607287449392712,0
514,39,361,3,0,4,0.1080332409972299,0
515,103,766,1,0,0,0.1344647519582245,0
516,11,354,1,1,4,0.0310734463276836,0
517,33,373,1,1,4,0.0884718498659517,0
518,11,295,1,0,4,0.0372881355932203,0
519,76,751,2,0,4,0.1011984021304926,0
520,47,350,0,1,4,0.1342857142857142,0
521,10,304,1,1,4,0.0328947368421052,0
522,87,713,1,0,4,0.1220196353436185,0
523,4,375,1,0,4,0.0106666666666666,0
524,26,527,2,1,4,0.0493358633776091,0
525,2,517,2,0,4,0.0038684719535783,0
526,49,838,1,1,4,0.058472553699284,0
527,22,342,3,1,4,0.0643274853801169,0
528,63,377,1,0,4,0.1671087533156498,0
529,11,335,1,1,4,0.0328358208955223,0
530,31,716,3,0,4,0.0432960893854748,0
531,49,319,0,1,4,0.1536050156739812,0
532,77,391,2,1,4,0.1969309462915601,0
533,47,558,0,1,4,0.0842293906810035,0
534,179,384,1,1,4,0.4661458333333333,0
535,61,667,1,1,4,0.0914542728635682,0
536,37,603,1,1,4,0.0613598673300165,0
537,69,385,1,1,2,0.1792207792207792,0
538,29,596,1,1,4,0.0486577181208053,0
539,64,313,2,0,4,0.2044728434504792,0
540,44,957,1,1,4,0.0459770114942528,0
541,49,390,1,0,4,0.1256410256410256,0
542,35,320,1,1,4,0.109375,0
543,188,718,2,0,4,0.2618384401114206,0
544,24,355,1,1,0,0.0676056338028169,0
545,121,436,1,1,4,0.2775229357798165,0
546,109,714,1,1,3,0.1526610644257703,0
547,496,496,2,0,4,1.0,0
548,8,573,1,0,4,0.0139616055846422,0
549,135,624,1,1,4,0.2163461538461538,0
550,15,444,3,0,4,0.0337837837837837,0
551,713,727,2,0,4,0.9807427785419532,0
552,8,303,2,0,4,0.0264026402640264,0
553,7,364,1,1,4,0.0192307692307692,0
554,201,828,3,0,4,0.2427536231884058,0
555,208,572,1,1,4,0.3636363636363636,0
556,39,372,1,1,4,0.1048387096774193,0
557,36,509,2,0,4,0.0707269155206286,0
558,44,535,1,1,4,0.0822429906542056,0
559,30,334,3,0,4,0.0898203592814371,0
560,24,349,2,0,4,0.0687679083094555,0
561,48,416,2,1,4,0.1153846153846153,0
562,16,467,3,0,4,0.0342612419700214,0
563,50,390,1,1,4,0.1282051282051282,0
564,102,648,2,0,4,0.1574074074074074,0
565,127,430,1,1,2,0.2953488372093023,0
566,38,723,1,1,4,0.0525587828492392,0
567,323,340,2,1,4,0.95,0
568,38,570,1,0,4,0.0666666666666666,0
569,15,335,1,0,4,0.044776119402985,0
570,16,430,1,1,0,0.0372093023255813,0
571,61,576,1,0,4,0.1059027777777777,0
572,12,347,2,0,4,0.0345821325648415,0
573,61,613,2,0,4,0.099510603588907,0
574,25,507,2,0,2,0.04930966469428,0
575,43,557,1,1,4,0.0771992818671454,0
576,27,461,1,1,4,0.0585683297180043,0
577,79,344,1,1,4,0.2296511627906976,0
578,2,564,1,1,4,0.0035460992907801,0
579,33,476,3,0,4,0.0693277310924369,0
580,83,292,1,1,4,0.2842465753424658,0
581,88,382,1,0,4,0.2303664921465968,0
582,1,431,1,0,4,0.0023201856148491,0
583,26,475,2,1,4,0.0547368421052631,0
584,4,475,1,0,4,0.0084210526315789,0
585,46,359,1,1,4,0.128133704735376,0
586,16,379,1,1,4,0.0422163588390501,0
587,8,626,2,1,4,0.0127795527156549,0
588,45,544,1,1,4,0.0827205882352941,0
589,19,686,1,1,4,0.0276967930029154,0
590,43,600,1,1,4,0.0716666666666666,0
591,68,541,1,0,4,0.1256931608133087,0
592,48,383,2,1,4,0.1253263707571801,0
593,37,535,1,1,4,0.0691588785046729,0
594,18,294,2,0,4,0.0612244897959183,0
595,36,565,1,1,4,0.063716814159292,0
596,13,557,1,1,0,0.0233393177737881,0
597,16,297,1,1,4,0.0538720538720538,0
598,86,686,1,1,4,0.1253644314868804,0
599,63,398,2,1,4,0.1582914572864321,0
600,18,388,2,0,4,0.0463917525773195,0
601,14,364,1,0,4,0.0384615384615384,0
602,43,667,1,1,4,0.0644677661169415,0
603,40,296,1,1,4,0.1351351351351351,0
604,70,825,1,1,4,0.0848484848484848,0
605,74,664,3,0,4,0.1114457831325301,0
606,30,387,1,1,4,0.0775193798449612,0
607,82,454,0,1,4,0.1806167400881057,0
608,92,1205,2,0,4,0.0763485477178423,0
609,50,489,1,1,3,0.1022494887525562,0
610,53,394,3,1,4,0.1345177664974619,0
611,75,645,1,1,4,0.1162790697674418,0
612,51,420,2,0,4,0.1214285714285714,0
613,46,415,2,0,4,0.1108433734939759,0
614,165,507,1,1,4,0.3254437869822485,0
615,40,452,1,1,2,0.0884955752212389,0
616,2,663,1,1,4,0.0030165912518853,0
617,7,312,1,1,4,0.0224358974358974,0
618,29,382,1,1,4,0.0759162303664921,0
619,35,305,2,0,4,0.1147540983606557,0
620,14,628,2,0,4,0.0222929936305732,0
621,77,370,1,1,4,0.2081081081081081,0
622,9,371,1,0,4,0.0242587601078167,0
623,6,352,1,1,4,0.0170454545454545,0
624,21,350,1,1,4,0.06,0
625,18,332,1,1,4,0.0542168674698795,0
626,55,975,1,0,4,0.0564102564102564,0
627,48,374,1,0,4,0.1283422459893048,0
628,33,895,1,0,4,0.0368715083798882,0
629,52,990,1,1,4,0.0525252525252525,0
630,73,423,1,1,3,0.1725768321513002,0
631,38,424,1,0,4,0.0896226415094339,0
632,33,427,1,0,4,0.0772833723653395,0
633,43,512,1,1,4,0.083984375,0
634,0,338,1,1,4,0.0,0
635,143,764,1,1,3,0.1871727748691099,0
636,8,335,3,1,4,0.0238805970149253,0
637,129,510,1,1,4,0.2529411764705882,0
638,3,698,1,0,4,0.0042979942693409,0
639,20,662,2,0,2,0.0302114803625377,0
640,10,306,1,0,4,0.0326797385620915,0
641,78,350,1,1,4,0.2228571428571428,0
642,19,573,1,1,4,0.0331588132635253,0
643,16,364,1,1,4,0.0439560439560439,0
644,45,413,1,1,4,0.1089588377723971,0
645,84,554,1,1,4,0.151624548736462,0
646,75,440,1,1,4,0.1704545454545454,0
647,699,699,2,0,4,1.0,0
648,430,471,1,1,4,0.9129511677282378,0
649,131,930,1,1,4,0.1408602150537634,0
650,49,693,1,1,4,0.0707070707070707,0
651,35,380,1,1,4,0.0921052631578947,0
652,100,456,1,1,4,0.219298245614035,0
653,33,731,2,0,4,0.0451436388508891,0
654,71,410,1,1,4,0.173170731707317,0
655,363,678,1,0,4,0.5353982300884956,0
656,21,505,1,0,4,0.0415841584158415,0
657,40,546,1,1,4,0.0732600732600732,0
658,46,404,2,0,4,0.1138613861386138,0
659,51,1001,1,1,4,0.0509490509490509,0
660,56,340,1,1,4,0.1647058823529411,0
661,44,513,2,1,2,0.0857699805068226,0
662,14,496,1,1,4,0.0282258064516129,0
663,32,316,1,1,4,0.1012658227848101,0
664,19,293,2,1,4,0.0648464163822525,0
665,24,324,1,0,4,0.074074074074074,0
666,34,383,1,0,4,0.0887728459530026,0
667,19,469,1,1,4,0.0405117270788912,0
668,69,398,1,1,4,0.1733668341708542,0
669,0,489,1,0,4,0.0,0
670,28,481,1,1,4,0.0582120582120582,0
671,21,343,1,1,4,0.0612244897959183,0
672,87,541,1,1,4,0.1608133086876155,0
673,36,592,1,1,4,0.0608108108108108,0
674,95,367,1,0,4,0.2588555858310626,0
675,295,421,2,0,0,0.7007125890736342,0
676,37,515,1,1,0,0.0718446601941747,0
677,14,314,2,1,4,0.0445859872611464,0
678,23,400,1,1,4,0.0575,0
679,10,416,1,0,4,0.0240384615384615,0
680,17,300,1,1,4,0.0566666666666666,0
681,58,840,1,0,4,0.069047619047619,0
682,626,965,3,0,4,0.6487046632124353,0
683,69,302,1,1,4,0.2284768211920529,0
684,20,497,1,1,4,0.0402414486921529,0
685,70,522,2,0,4,0.1340996168582375,0
686,265,342,1,1,4,0.7748538011695907,0
687,4,469,1,1,2,0.0085287846481876,0
688,261,571,1,1,4,0.457092819614711,0
689,170,455,2,0,4,0.3736263736263736,0
690,0,331,2,0,4,0.0,0
691,38,540,2,0,4,0.0703703703703703,0
692,41,354,1,1,0,0.115819209039548,0
693,24,595,1,1,4,0.0403361344537815,0
694,29,299,2,0,4,0.0969899665551839,0
695,14,310,1,0,4,0.0451612903225806,0
696,82,405,1,1,3,0.2024691358024691,0
697,89,465,1,0,4,0.1913978494623656,0
698,85,304,1,1,4,0.2796052631578947,0
699,72,524,1,0,4,0.1374045801526717,0
700,36,333,2,1,4,0.1081081081081081,0
701,15,393,3,0,4,0.0381679389312977,0
702,86,749,2,0,2,0.1148197596795727,0
703,13,375,2,1,3,0.0346666666666666,0
704,64,450,1,1,4,0.1422222222222222,0
705,27,473,4,0,4,0.0570824524312896,0
706,43,328,2,1,0,0.1310975609756097,0
707,73,1034,3,0,4,0.0705996131528046,0
708,21,549,1,1,2,0.0382513661202185,0
709,64,300,0,1,2,0.2133333333333333,0
710,27,378,3,1,4,0.0714285714285714,0
711,16,292,2,0,4,0.0547945205479452,0
712,346,550,2,1,4,0.6290909090909091,0
713,110,527,1,1,0,0.2087286527514231,0
714,54,560,1,1,4,0.0964285714285714,0
715,177,856,2,0,4,0.2067757009345794,0
716,85,628,2,1,4,0.1353503184713375,0
717,33,374,2,1,3,0.088235294117647,0
718,113,578,1,1,1,0.1955017301038062,0
719,46,402,3,0,4,0.1144278606965174,0
720,36,564,2,1,0,0.0638297872340425,0
721,35,581,3,0,1,0.0602409638554216,0
722,387,396,2,1,4,0.9772727272727272,0
723,18,730,3,1,4,0.0246575342465753,0
724,20,600,0,1,2,0.0333333333333333,0
725,61,699,2,1,1,0.0872675250357653,0
726,42,410,2,1,1,0.1024390243902439,0
727,11,554,3,0,1,0.01985559566787,0
728,87,568,0,1,2,0.153169014084507,0
729,135,636,4,0,4,0.2122641509433962,0
730,143,719,2,0,2,0.1988873435326842,0
731,272,778,2,0,4,0.3496143958868895,0
732,232,426,2,0,1,0.5446009389671361,0
733,13,518,1,1,0,0.025096525096525,0
734,86,1098,1,0,2,0.0783242258652094,0
735,240,802,1,0,4,0.2992518703241895,0
736,40,414,3,1,0,0.0966183574879227,0
737,1,369,1,0,4,0.002710027100271,0
738,73,417,3,1,4,0.1750599520383693,0
739,4,304,2,1,4,0.0131578947368421,0
740,31,348,0,1,4,0.0890804597701149,0
741,6,370,3,0,4,0.0162162162162162,0
742,4,623,2,0,3,0.0064205457463884,0
743,118,311,3,1,0,0.3794212218649517,0
744,50,294,1,0,2,0.1700680272108843,0
745,4,569,2,0,4,0.0070298769771528,0
746,7,493,3,0,4,0.0141987829614604,0
747,11,470,4,0,0,0.0234042553191489,0
748,14,318,0,1,0,0.0440251572327044,0
749,58,693,2,1,4,0.0836940836940837,0
750,21,441,1,1,3,0.0476190476190476,0
751,35,331,1,1,3,0.1057401812688821,0
752,138,1016,1,1,0,0.1358267716535433,0
753,48,686,2,1,0,0.0699708454810495,0
754,33,401,3,1,0,0.0822942643391521,0
755,12,336,4,0,4,0.0357142857142857,0
756,40,570,3,1,3,0.0701754385964912,0
757,24,441,2,0,4,0.0544217687074829,0
758,32,391,1,1,2,0.0818414322250639,0
759,433,434,2,0,3,0.9976958525345622,0
760,0,306,1,1,1,0.0,0
761,9,343,1,1,4,0.0262390670553935,0
762,91,416,3,1,3,0.21875,0
763,146,812,0,1,2,0.1798029556650246,0
764,17,369,2,1,2,0.046070460704607,0
765,28,388,3,1,4,0.0721649484536082,0
766,5,860,1,1,4,0.005813953488372,0
767,75,407,2,0,1,0.1842751842751842,0
768,10,330,3,0,3,0.0303030303030303,0
769,25,484,1,1,4,0.0516528925619834,0
770,154,653,3,0,4,0.2358346094946401,0
771,61,634,0,1,4,0.0962145110410094,0
772,3,341,0,1,0,0.0087976539589442,0
773,64,579,1,1,3,0.1105354058721934,0
774,20,313,3,0,4,0.0638977635782747,0
775,11,559,4,0,4,0.0196779964221824,0
776,331,331,1,1,4,1.0,0
777,25,325,2,0,4,0.0769230769230769,0
778,29,328,2,1,0,0.0884146341463414,0
779,14,306,4,0,4,0.0457516339869281,0
780,14,402,3,1,4,0.0348258706467661,0
781,44,475,3,1,0,0.0926315789473684,0
782,31,556,2,0,4,0.0557553956834532,0
783,42,403,2,1,1,0.1042183622828784,0
784,120,557,2,1,3,0.215439856373429,0
785,31,413,1,1,4,0.0750605326876513,0
786,2,520,1,1,3,0.0038461538461538,0
787,47,502,2,0,2,0.0936254980079681,0
788,169,534,3,1,1,0.3164794007490636,0
789,56,567,0,1,0,0.0987654320987654,0
790,455,690,3,0,4,0.6594202898550725,0
791,39,333,2,0,4,0.1171171171171171,0
792,2,383,4,0,4,0.0052219321148825,0
793,46,590,3,0,4,0.0779661016949152,0
794,100,879,1,0,4,0.1137656427758816,0
795,53,550,1,1,4,0.0963636363636363,0
796,229,1001,0,1,3,0.2287712287712287,0
797,3,434,3,0,4,0.0069124423963133,0
798,17,371,1,1,4,0.045822102425876,0
799,329,1227,3,1,2,0.2681336593317033,0
800,47,338,4,0,4,0.1390532544378698,0
801,21,444,4,0,3,0.0472972972972973,0
802,26,351,2,1,4,0.074074074074074,0
803,6,297,2,1,0,0.0202020202020202,0
804,106,359,1,1,3,0.2952646239554317,0
805,61,411,2,0,4,0.1484184914841849,0
806,13,301,2,1,4,0.0431893687707641,0
807,110,650,4,0,2,0.1692307692307692,0
808,45,637,0,1,2,0.0706436420722135,0
809,21,367,4,1,2,0.0572207084468664,0
810,101,1052,2,1,1,0.0960076045627376,0
811,48,542,3,0,4,0.088560885608856,0
812,54,433,3,0,4,0.1247113163972286,0
813,64,360,2,1,0,0.1777777777777777,0
814,148,550,2,1,1,0.2690909090909091,0
815,36,452,3,0,4,0.079646017699115,0
816,22,411,0,1,3,0.0535279805352798,0
817,410,419,2,1,2,0.9785202863961814,0
818,15,466,2,0,4,0.0321888412017167,0
819,94,927,1,1,1,0.1014023732470334,0
820,40,665,3,0,1,0.0601503759398496,0
821,7,423,3,0,3,0.0165484633569739,0
822,18,297,2,1,4,0.0606060606060606,0
823,66,672,2,0,4,0.0982142857142857,0
824,577,577,2,0,4,1.0,0
825,20,547,3,1,3,0.036563071297989,0
826,12,355,3,0,1,0.0338028169014084,0
827,17,311,2,1,4,0.0546623794212218,0
828,33,319,2,1,4,0.1034482758620689,0
829,251,801,2,1,4,0.313358302122347,0
830,58,511,2,1,4,0.1135029354207436,0
831,52,327,1,1,3,0.1590214067278287,0
832,375,553,3,1,4,0.6781193490054249,0
833,27,600,3,0,4,0.045,0
834,8,303,1,0,2,0.0264026402640264,0
835,8,426,1,1,4,0.0187793427230046,0
836,29,343,1,1,3,0.0845481049562682,0
837,17,443,1,1,1,0.0383747178329571,0
838,9,457,1,1,1,0.0196936542669584,0
839,35,385,2,1,4,0.0909090909090909,0
840,39,840,3,0,4,0.0464285714285714,0
841,7,519,4,0,1,0.0134874759152215,0
842,2,447,4,1,1,0.0044742729306487,0
843,17,318,4,0,4,0.0534591194968553,0
844,6,852,3,0,4,0.0070422535211267,0
845,20,356,3,0,4,0.0561797752808988,0
846,69,353,4,0,0,0.1954674220963173,0
847,20,301,0,0,1,0.0664451827242525,0
848,7,360,3,0,4,0.0194444444444444,0
849,38,322,3,1,4,0.1180124223602484,0
850,16,612,3,1,3,0.0261437908496732,0
851,123,833,2,0,4,0.1476590636254501,0
852,170,427,3,0,4,0.3981264637002342,0
853,103,616,3,1,4,0.1672077922077922,0
854,13,294,3,0,0,0.0442176870748299,0
855,31,630,2,0,4,0.0492063492063492,0
856,331,1103,2,0,4,0.300090661831369,0
857,42,640,3,0,4,0.065625,0
858,18,483,3,0,4,0.0372670807453416,0
859,37,333,4,0,4,0.1111111111111111,0
860,10,459,0,1,1,0.0217864923747276,0
861,91,594,3,0,4,0.1531986531986532,0
862,470,470,2,1,4,1.0,0
863,42,513,1,1,2,0.0818713450292397,0
864,21,326,4,1,3,0.0644171779141104,0
865,28,347,0,1,3,0.0806916426512968,0
866,121,509,4,0,4,0.2377210216110019,0
867,69,1489,1,1,4,0.0463398253861652,0
868,23,431,2,1,4,0.0533642691415313,0
869,36,333,2,1,2,0.1081081081081081,0
870,31,604,3,1,4,0.0513245033112582,0
871,42,348,3,1,3,0.1206896551724138,0
872,16,474,4,1,4,0.0337552742616033,0
873,0,884,2,1,4,0.0,0
874,45,469,1,0,3,0.0959488272921108,0
875,18,422,3,0,4,0.0426540284360189,0
876,53,313,2,0,3,0.1693290734824281,0
877,119,570,2,0,4,0.2087719298245614,0
878,22,736,4,0,4,0.029891304347826,0
879,24,839,2,0,1,0.0286054827175208,0
880,435,435,3,1,2,1.0,0
881,66,638,3,0,4,0.1034482758620689,0
882,1,333,0,1,1,0.003003003003003,0
883,16,433,1,1,4,0.0369515011547344,0
884,40,343,2,1,4,0.1166180758017492,0
885,22,329,2,1,4,0.0668693009118541,0
886,45,525,3,0,4,0.0857142857142857,0
887,9,339,3,1,1,0.0265486725663716,0
888,12,307,3,0,4,0.0390879478827361,0
889,47,329,0,1,3,0.1428571428571428,0
890,10,341,2,1,1,0.0293255131964809,0
891,45,296,3,0,4,0.152027027027027,0
892,53,311,1,1,3,0.1704180064308681,0
893,82,537,3,1,4,0.1527001862197393,0
894,79,328,4,0,3,0.2408536585365853,0
895,0,294,4,0,4,0.0,0
896,33,531,2,0,4,0.0621468926553672,0
897,18,333,3,1,4,0.054054054054054,0
898,6,349,3,0,4,0.0171919770773638,0
899,44,560,3,0,4,0.0785714285714285,0
900,60,341,2,1,4,0.1759530791788856,0
901,11,523,2,0,2,0.0210325047801147,0
902,10,295,3,0,3,0.0338983050847457,0
903,26,567,3,0,4,0.0458553791887125,0
904,13,359,0,1,3,0.0362116991643454,0
905,26,382,0,1,2,0.0680628272251308,0
906,65,389,4,0,4,0.1670951156812339,0
907,114,525,3,1,1,0.2171428571428571,0
908,48,667,3,0,2,0.0719640179910044,0
909,58,637,3,0,4,0.0910518053375196,0
910,19,292,3,0,3,0.0650684931506849,0
911,1,329,4,0,4,0.0030395136778115,0
912,210,647,4,0,4,0.3245749613601236,0
913,125,634,1,1,4,0.1971608832807571,0
914,98,307,1,0,4,0.3192182410423452,0
915,38,352,1,0,4,0.1079545454545454,0
916,12,484,3,1,4,0.024793388429752,0
917,32,448,2,1,4,0.0714285714285714,0
918,13,472,3,1,4,0.0275423728813559,0
919,32,534,1,0,4,0.0599250936329588,0
920,8,371,4,0,1,0.0215633423180593,0
921,19,296,0,0,4,0.0641891891891891,0
922,28,616,3,0,4,0.0454545454545454,0
923,598,602,2,0,3,0.9933554817275748,0
924,76,1248,1,1,4,0.0608974358974358,0
925,27,356,3,0,4,0.0758426966292134,0
926,51,333,3,1,4,0.1531531531531531,0
927,4,697,2,0,4,0.0057388809182209,0
928,36,376,2,0,4,0.0957446808510638,0
929,32,462,2,1,4,0.0692640692640692,0
930,35,448,1,1,4,0.078125,0
931,12,319,2,1,4,0.0376175548589341,0
932,12,484,3,0,3,0.024793388429752,0
933,17,494,3,0,4,0.034412955465587,0
934,55,377,2,1,4,0.1458885941644562,0
935,20,540,2,1,3,0.037037037037037,0
936,20,297,2,1,4,0.0673400673400673,0
937,375,455,4,0,0,0.8241758241758241,0
938,24,369,3,0,2,0.065040650406504,0
939,60,511,2,0,4,0.1174168297455968,0
940,97,309,1,1,1,0.313915857605178,0
941,61,494,2,1,4,0.1234817813765182,0
942,21,495,3,0,1,0.0424242424242424,0
943,34,470,3,0,2,0.0723404255319148,0
944,28,342,3,1,1,0.0818713450292397,0
945,27,761,1,0,3,0.0354796320630749,0
946,170,462,1,1,2,0.3679653679653679,0
947,46,641,2,1,4,0.0717628705148206,0
948,32,434,0,1,1,0.0737327188940092,0
949,59,686,2,1,2,0.08600583090379,0
950,200,763,1,1,0,0.2621231979030144,0
951,328,1176,1,1,4,0.2789115646258503,0
952,70,700,0,1,1,0.1,0
953,71,351,2,1,2,0.2022792022792023,0
954,19,376,2,1,4,0.050531914893617,0
955,168,531,4,0,4,0.3163841807909605,0
956,111,542,3,1,4,0.2047970479704797,0
957,55,418,1,1,1,0.131578947368421,0
958,11,392,1,1,4,0.0280612244897959,0
959,57,482,2,1,2,0.1182572614107883,0
960,20,345,3,1,4,0.0579710144927536,0
961,38,323,1,1,3,0.1176470588235294,0
962,15,460,2,1,4,0.0326086956521739,0
963,26,692,2,0,4,0.0375722543352601,0
964,39,451,2,1,4,0.0864745011086474,0
965,86,348,3,1,0,0.2471264367816092,0
966,11,364,3,0,3,0.0302197802197802,0
967,29,412,2,1,4,0.0703883495145631,0
968,29,300,2,1,1,0.0966666666666666,0
969,25,356,2,1,4,0.0702247191011236,0
970,256,476,2,1,4,0.5378151260504201,0
971,6,354,1,0,4,0.0169491525423728,0
972,4,311,3,1,4,0.0128617363344051,0
973,21,533,3,1,2,0.0393996247654784,0
974,67,318,2,0,4,0.210691823899371,0
975,23,304,1,1,4,0.0756578947368421,0
976,23,328,2,1,4,0.0701219512195122,0
977,19,651,1,1,3,0.0291858678955453,0
978,91,757,3,1,3,0.1202113606340819,0
979,21,335,2,0,4,0.0626865671641791,0
980,26,383,3,1,4,0.0678851174934725,0
981,74,372,2,1,4,0.1989247311827957,0
982,52,845,4,0,2,0.0615384615384615,0
983,50,406,3,1,4,0.1231527093596059,0
984,31,339,2,1,4,0.0914454277286135,0
985,31,343,1,1,4,0.0903790087463556,0
986,198,828,2,1,4,0.2391304347826087,0
987,20,575,3,0,4,0.0347826086956521,0
988,16,455,3,0,4,0.0351648351648351,0
989,146,960,3,1,4,0.1520833333333333,0
990,46,305,1,1,4,0.1508196721311475,0
991,15,402,1,0,4,0.0373134328358208,0
992,85,718,1,1,4,0.1183844011142061,0
993,21,409,1,1,4,0.0513447432762836,0
994,14,316,1,1,1,0.0443037974683544,0
995,190,548,1,0,3,0.3467153284671533,0
996,127,312,2,0,3,0.407051282051282,0
997,56,438,2,1,3,0.1278538812785388,0
998,20,344,1,1,4,0.0581395348837209,0
999,75,335,2,1,4,0.2238805970149253,0
0,55,396,2,0,4,0.1388888888888889,1
1,0,460,1,1,2,0.0,1
2,0,693,3,0,4,0.0,1
3,123,303,2,0,4,0.4059405940594059,1
4,18,309,1,0,4,0.058252427184466,1
5,0,385,1,1,4,0.0,1
6,14,310,2,0,4,0.0451612903225806,1
7,30,505,1,1,1,0.0594059405940594,1
8,63,637,2,1,4,0.0989010989010989,1
9,4,588,3,0,4,0.0068027210884353,1
10,15,474,2,1,1,0.0316455696202531,1
11,22,632,1,0,2,0.0348101265822784,1
12,15,363,1,1,4,0.0413223140495867,1
13,0,332,3,1,4,0.0,1
14,566,676,1,0,4,0.8372781065088757,1
15,118,437,2,0,4,0.2700228832951945,1
16,322,678,3,0,4,0.4749262536873156,1
17,0,398,3,1,4,0.0,1
18,21,432,3,1,4,0.0486111111111111,1
19,152,1385,2,1,4,0.1097472924187725,1
20,0,390,2,0,0,0.0,1
21,26,431,1,1,4,0.0603248259860788,1
22,180,325,1,0,4,0.5538461538461539,1
23,10,553,1,0,3,0.0180831826401446,1
24,0,306,3,0,3,0.0,1
25,47,747,2,1,4,0.0629183400267737,1
26,46,322,2,1,4,0.1428571428571428,1
27,121,315,4,0,2,0.3841269841269841,1
28,0,434,2,1,4,0.0,1
29,40,416,3,1,4,0.0961538461538461,1
30,0,297,1,1,2,0.0,1
31,0,482,2,0,4,0.0,1
32,9,310,1,1,0,0.0290322580645161,1
33,807,809,2,0,4,0.9975278121137208,1
34,3,407,1,1,0,0.0073710073710073,1
35,0,423,1,0,4,0.0,1
36,0,337,1,0,4,0.0,1
37,30,454,1,1,4,0.066079295154185,1
38,6,305,2,1,2,0.0196721311475409,1
39,607,609,2,0,4,0.9967159277504104,1
40,451,548,2,1,4,0.822992700729927,1
41,1,349,1,0,4,0.0028653295128939,1
42,69,338,2,1,0,0.2041420118343195,1
43,33,495,3,0,2,0.0666666666666666,1
44,18,335,1,0,0,0.053731343283582,1
45,122,350,2,1,1,0.3485714285714286,1
46,0,504,1,1,2,0.0,1
47,6,319,2,1,4,0.018808777429467,1
48,0,485,2,1,4,0.0,1
49,55,360,2,1,1,0.1527777777777778,1
50,0,530,4,0,1,0.0,1
51,10,717,1,1,4,0.0139470013947001,1
52,11,323,2,1,0,0.0340557275541795,1
53,42,417,3,1,4,0.1007194244604316,1
54,0,368,2,0,4,0.0,1
55,0,394,3,0,4,0.0,1
56,9,373,2,0,4,0.0241286863270777,1
57,39,431,1,1,4,0.0904872389791183,1
58,0,669,1,0,0,0.0,1
59,9,721,2,0,4,0.0124826629680998,1
60,88,844,4,1,4,0.1042654028436018,1
61,8,337,2,0,4,0.0237388724035608,1
62,0,423,3,1,4,0.0,1
63,925,930,1,0,4,0.9946236559139784,1
64,50,402,3,0,1,0.1243781094527363,1
65,0,442,1,1,4,0.0,1
66,0,435,1,1,1,0.0,1
67,0,538,3,1,4,0.0,1
68,32,401,1,1,2,0.0798004987531172,1
69,100,774,1,1,1,0.1291989664082687,1
70,6,367,2,1,1,0.0163487738419618,1
71,20,453,4,0,4,0.0441501103752759,1
72,14,311,1,1,4,0.045016077170418,1
73,1,703,1,0,4,0.0014224751066856,1
74,0,345,2,1,4,0.0,1
75,35,613,1,1,1,0.0570962479608482,1
76,0,329,1,1,3,0.0,1
77,0,611,4,0,4,0.0,1
78,20,523,2,0,0,0.0382409177820267,1
79,207,424,0,1,1,0.4882075471698113,1
80,30,483,3,0,4,0.062111801242236,1
81,0,1170,2,0,4,0.0,1
82,1,316,2,1,4,0.0031645569620253,1
83,13,545,2,1,4,0.0238532110091743,1
84,61,375,1,1,3,0.1626666666666666,1
85,0,329,2,1,4,0.0,1
86,0,935,2,1,1,0.0,1
87,4,309,2,0,1,0.0129449838187702,1
88,108,665,2,1,4,0.162406015037594,1
89,55,751,2,1,4,0.0732356857523302,1
90,31,687,3,1,4,0.0451237263464337,1
91,65,639,3,1,4,0.1017214397496087,1
92,0,460,3,0,4,0.0,1
93,11,308,1,1,0,0.0357142857142857,1
94,182,559,1,0,2,0.3255813953488372,1
95,1,1006,1,1,4,0.0009940357852882,1
96,504,504,1,1,4,1.0,1
97,14,478,2,0,4,0.0292887029288702,1
98,0,299,3,0,4,0.0,1
99,0,613,2,1,1,0.0,1
100,46,423,2,0,4,0.1087470449172576,1
101,35,1148,3,1,4,0.0304878048780487,1
102,14,389,3,0,2,0.0359897172236503,1
103,30,595,2,1,4,0.0504201680672268,1
104,180,462,2,1,0,0.3896103896103896,1
105,30,300,1,1,4,0.1,1
106,0,356,4,0,4,0.0,1
107,0,556,1,0,4,0.0,1
108,40,300,0,1,0,0.1333333333333333,1
109,0,298,3,0,4,0.0,1
110,7,565,1,0,2,0.0123893805309734,1
111,0,433,3,0,2,0.0,1
112,9,418,0,1,0,0.0215311004784689,1
113,106,841,1,1,2,0.1260404280618311,1
114,0,1269,1,0,4,0.0,1
115,0,320,4,0,2,0.0,1
116,0,327,2,1,4,0.0,1
117,143,548,0,1,0,0.260948905109489,1
118,0,352,0,1,3,0.0,1
119,5,502,3,1,4,0.0099601593625498,1
120,45,405,2,1,4,0.1111111111111111,1
121,11,553,3,1,1,0.0198915009041591,1
122,7,309,1,1,2,0.0226537216828478,1
123,32,514,2,1,4,0.0622568093385214,1
124,5,318,2,1,4,0.0157232704402515,1
125,1,500,0,1,4,0.002,1
126,16,328,1,1,3,0.048780487804878,1
127,10,864,2,0,4,0.011574074074074,1
128,234,735,2,0,4,0.3183673469387755,1
129,0,330,3,0,4,0.0,1
130,18,662,1,1,4,0.0271903323262839,1
131,85,306,3,0,4,0.2777777777777778,1
132,17,413,2,1,1,0.0411622276029055,1
133,0,767,2,0,4,0.0,1
134,21,346,1,1,4,0.0606936416184971,1
135,0,327,0,1,4,0.0,1
136,0,611,1,1,1,0.0,1
137,309,606,1,1,4,0.5099009900990099,1
138,38,410,1,1,4,0.0926829268292682,1
139,7,378,1,1,4,0.0185185185185185,1
140,167,485,2,0,4,0.3443298969072165,1
141,13,508,2,1,4,0.0255905511811023,1
142,48,962,2,1,4,0.0498960498960499,1
143,364,414,3,0,4,0.8792270531400966,1
144,0,344,1,1,0,0.0,1
145,18,475,1,1,4,0.0378947368421052,1
146,31,1003,3,1,1,0.0309072781655034,1
147,0,667,3,0,2,0.0,1
148,47,475,4,1,4,0.0989473684210526,1
149,50,363,2,1,0,0.1377410468319559,1
150,2,456,3,0,4,0.0043859649122807,1
151,10,347,2,1,4,0.0288184438040345,1
152,68,313,0,1,4,0.2172523961661341,1
153,39,732,1,0,4,0.0532786885245901,1
154,12,594,2,1,2,0.0202020202020202,1
155,32,829,1,1,4,0.0386007237635705,1
156,518,518,3,0,4,1.0,1
157,19,486,2,0,4,0.0390946502057613,1
158,225,444,1,1,4,0.5067567567567568,1
159,244,325,1,0,0,0.7507692307692307,1
160,1,534,2,0,0,0.0018726591760299,1
161,11,369,1,1,4,0.029810298102981,1
162,55,685,1,1,0,0.0802919708029197,1
163,46,304,1,0,4,0.1513157894736842,1
164,44,1021,3,0,4,0.0430950048971596,1
165,0,387,2,1,4,0.0,1
166,0,756,2,1,0,0.0,1
167,2,341,2,1,2,0.0058651026392961,1
168,62,1228,1,1,4,0.0504885993485342,1
169,128,649,2,1,4,0.197226502311248,1
170,0,504,3,1,1,0.0,1
171,48,541,4,0,4,0.088724584103512,1
172,3,752,4,0,4,0.0039893617021276,1
173,80,721,0,0,0,0.1109570041608876,1
174,3,414,2,1,2,0.0072463768115942,1
175,34,504,2,0,4,0.0674603174603174,1
176,0,376,0,1,0,0.0,1
177,0,410,1,1,1,0.0,1
178,42,521,3,1,4,0.0806142034548944,1
179,9,1260,3,0,4,0.0071428571428571,1
180,0,569,3,0,4,0.0,1
181,6,478,2,0,4,0.0125523012552301,1
182,4,620,2,1,3,0.0064516129032258,1
183,33,390,3,0,4,0.0846153846153846,1
184,712,1254,3,1,4,0.5677830940988836,1
185,0,875,3,0,4,0.0,1
186,79,334,3,1,4,0.2365269461077844,1
187,81,986,2,0,0,0.0821501014198783,1
188,0,310,2,1,3,0.0,1
189,135,512,2,1,4,0.263671875,1
190,2,331,1,1,1,0.0060422960725075,1
191,23,372,2,1,4,0.0618279569892473,1
192,0,287,1,1,4,0.0,1
193,37,372,1,1,1,0.0994623655913978,1
194,91,567,2,0,4,0.1604938271604938,1
195,23,333,2,0,4,0.069069069069069,1
196,312,426,3,0,2,0.7323943661971831,1
197,0,880,3,0,4,0.0,1
198,38,392,2,0,4,0.096938775510204,1
199,0,368,1,0,2,0.0,1
200,14,719,2,1,4,0.019471488178025,1
201,82,863,2,1,4,0.0950173812282734,1
202,250,323,2,1,4,0.7739938080495357,1
203,7,446,2,1,4,0.0156950672645739,1
204,7,515,2,1,1,0.0135922330097087,1
205,32,307,3,1,4,0.1042345276872964,1
206,265,714,1,1,4,0.3711484593837535,1
207,0,346,1,1,1,0.0,1
208,0,465,2,1,4,0.0,1
209,0,337,3,0,4,0.0,1
210,0,839,4,0,3,0.0,1
211,359,527,2,1,4,0.681214421252372,1
212,12,415,2,0,4,0.0289156626506024,1
213,226,378,3,1,2,0.5978835978835979,1
214,29,462,1,1,1,0.0627705627705627,1
215,22,588,2,1,4,0.0374149659863945,1
216,30,476,3,0,4,0.0630252100840336,1
217,52,702,1,1,3,0.074074074074074,1
218,30,353,3,0,1,0.0849858356940509,1
219,21,350,2,1,3,0.06,1
220,13,357,2,1,4,0.0364145658263305,1
221,718,718,2,1,4,1.0,1
222,48,407,2,1,4,0.1179361179361179,1
223,0,336,3,1,2,0.0,1
224,38,488,1,0,4,0.0778688524590164,1
225,0,304,1,1,4,0.0,1
226,3,328,4,1,4,0.0091463414634146,1
227,194,441,2,1,4,0.4399092970521542,1
228,0,556,1,0,4,0.0,1
229,28,392,3,1,4,0.0714285714285714,1
230,119,372,4,1,4,0.3198924731182795,1
231,175,573,2,1,4,0.3054101221640489,1
232,17,574,3,1,4,0.0296167247386759,1
233,585,675,2,1,4,0.8666666666666667,1
234,18,528,1,0,0,0.034090909090909,1
235,1,312,1,0,3,0.0032051282051282,1
236,24,651,2,0,4,0.0368663594470046,1
237,757,757,3,0,4,1.0,1
238,21,622,2,1,4,0.0337620578778135,1
239,183,588,3,0,4,0.3112244897959184,1
240,232,1274,3,1,4,0.1821036106750392,1
241,45,292,3,0,4,0.1541095890410959,1
242,20,331,3,1,4,0.0604229607250755,1
243,128,387,2,0,4,0.330749354005168,1
244,84,557,2,1,4,0.1508078994614003,1
245,8,334,1,0,4,0.0239520958083832,1
246,1,496,2,1,4,0.002016129032258,1
247,42,399,2,1,4,0.1052631578947368,1
248,15,496,3,1,4,0.0302419354838709,1
249,99,632,0,1,0,0.1566455696202531,1
250,1,564,1,1,4,0.00177304964539,1
251,0,346,3,1,4,0.0,1
252,470,572,3,0,4,0.8216783216783217,1
253,41,501,0,0,0,0.0818363273453093,1
254,424,427,3,1,4,0.9929742388758782,1
255,18,470,0,1,1,0.0382978723404255,1
256,90,546,1,1,2,0.1648351648351648,1
257,105,763,1,1,4,0.1376146788990825,1
258,14,498,2,1,4,0.0281124497991967,1
259,75,444,3,0,4,0.1689189189189189,1
260,41,302,3,1,2,0.1357615894039735,1
261,8,677,3,1,4,0.0118168389955686,1
262,35,397,2,1,4,0.08816120906801,1
263,0,300,2,1,0,0.0,1
264,5,455,1,1,4,0.0109890109890109,1
265,9,552,2,1,0,0.0163043478260869,1
266,0,465,1,0,3,0.0,1
267,18,306,2,0,1,0.0588235294117647,1
268,846,1465,4,0,4,0.5774744027303754,1
269,2,387,3,0,4,0.0051679586563307,1
270,208,311,1,0,4,0.6688102893890675,1
271,50,490,1,1,4,0.1020408163265306,1
272,57,323,1,1,4,0.1764705882352941,1
273,40,322,3,0,4,0.124223602484472,1
274,8,474,2,1,1,0.0168776371308016,1
275,0,424,2,1,0,0.0,1
276,15,331,3,0,3,0.0453172205438066,1
277,31,966,3,0,2,0.0320910973084886,1
278,75,449,2,0,4,0.1670378619153674,1
279,119,906,4,0,4,0.1313465783664459,1
280,16,606,3,1,3,0.0264026402640264,1
281,309,309,1,1,4,1.0,1
282,220,594,2,1,4,0.3703703703703703,1
283,152,966,3,0,4,0.1573498964803312,1
284,53,483,2,1,3,0.1097308488612836,1
285,220,383,1,1,4,0.5744125326370757,1
286,0,668,2,0,4,0.0,1
287,0,475,1,1,3,0.0,1
288,33,543,2,1,4,0.0607734806629834,1
289,2,597,3,0,4,0.0033500837520938,1
290,47,422,2,1,3,0.1113744075829383,1
291,46,330,1,0,1,0.1393939393939394,1
292,9,425,2,1,4,0.0211764705882352,1
293,380,758,2,1,2,0.5013192612137203,1
294,53,604,3,1,4,0.0877483443708609,1
295,17,411,4,1,1,0.0413625304136253,1
296,28,336,3,1,4,0.0833333333333333,1
297,0,390,2,0,4,0.0,1
298,14,569,3,0,4,0.0246045694200351,1
299,0,314,4,1,4,0.0,1
300,66,598,2,0,2,0.1103678929765886,1
301,54,763,2,1,4,0.0707732634338138,1
302,0,875,4,1,4,0.0,1
303,77,571,1,1,4,0.1348511383537653,1
304,11,610,1,0,3,0.0180327868852459,1
305,23,843,3,0,2,0.0272835112692763,1
306,41,728,2,0,4,0.0563186813186813,1
307,0,378,4,0,1,0.0,1
308,0,502,2,1,4,0.0,1
309,53,850,2,1,4,0.0623529411764705,1
310,0,375,2,0,1,0.0,1
311,36,368,3,0,4,0.0978260869565217,1
312,95,428,1,1,4,0.2219626168224299,1
313,2,481,3,0,4,0.0041580041580041,1
314,0,413,3,0,4,0.0,1
315,1,304,2,1,3,0.0032894736842105,1
316,58,566,2,1,4,0.1024734982332155,1
317,68,682,3,1,4,0.0997067448680351,1
318,0,475,2,1,4,0.0,1
319,0,717,4,0,4,0.0,1
320,119,504,2,1,0,0.2361111111111111,1
321,11,567,2,1,4,0.019400352733686,1
322,18,313,4,1,4,0.0575079872204472,1
323,403,456,2,1,4,0.8837719298245614,1
324,1211,1249,4,0,4,0.9695756605284228,1
325,0,1421,4,0,4,0.0,1
326,16,914,2,0,4,0.0175054704595186,1
327,38,495,2,1,4,0.0767676767676767,1
328,39,319,1,1,0,0.122257053291536,1
329,0,415,2,1,4,0.0,1
330,7,407,3,1,0,0.0171990171990172,1
331,124,469,3,1,4,0.2643923240938166,1
332,28,695,2,1,1,0.0402877697841726,1
333,34,429,3,0,4,0.0792540792540792,1
334,1339,1339,2,1,4,1.0,1
335,22,384,3,0,1,0.0572916666666666,1
336,282,507,2,1,4,0.5562130177514792,1
337,52,331,1,0,3,0.1570996978851963,1
338,370,889,3,1,4,0.4161979752530934,1
339,18,457,3,1,3,0.0393873085339168,1
340,13,293,1,1,4,0.0443686006825938,1
341,47,827,2,1,0,0.05683192261185,1
342,69,302,2,0,4,0.2284768211920529,1
343,0,299,4,0,1,0.0,1
344,0,631,2,1,4,0.0,1
345,224,423,2,1,4,0.5295508274231678,1
346,0,615,3,0,2,0.0,1
347,47,458,3,0,4,0.1026200873362445,1
348,28,414,2,1,4,0.0676328502415458,1
349,408,471,2,1,4,0.8662420382165605,1
350,17,405,1,1,1,0.0419753086419753,1
351,248,684,4,0,4,0.3625730994152046,1
352,24,421,3,0,3,0.0570071258907363,1
353,37,358,4,0,4,0.1033519553072625,1
354,41,460,3,1,4,0.0891304347826087,1
355,0,499,2,1,1,0.0,1
356,0,558,2,0,1,0.0,1
357,0,346,4,0,4,0.0,1
358,0,534,4,0,4,0.0,1
359,1,456,1,1,0,0.0021929824561403,1
360,112,385,0,1,0,0.2909090909090909,1
361,10,455,1,0,1,0.0219780219780219,1
362,33,455,2,1,4,0.0725274725274725,1
363,39,473,2,0,2,0.0824524312896406,1
364,4,648,3,0,4,0.0061728395061728,1
365,48,369,3,0,4,0.1300813008130081,1
366,28,404,2,1,4,0.0693069306930693,1
367,37,649,2,1,3,0.0570107858243451,1
368,161,761,3,1,0,0.2115637319316688,1
369,0,320,0,1,4,0.0,1
370,185,396,2,1,4,0.4671717171717172,1
371,0,718,1,1,4,0.0,1
372,0,486,1,1,2,0.0,1
373,46,602,2,0,0,0.0764119601328903,1
374,209,586,1,0,1,0.356655290102389,1
375,54,353,0,1,4,0.1529745042492918,1
376,411,515,3,1,4,0.7980582524271844,1
377,398,398,4,0,4,1.0,1
378,233,761,0,1,0,0.3061760840998686,1
379,56,341,1,1,2,0.1642228739002932,1
380,13,455,4,0,4,0.0285714285714285,1
381,24,578,2,1,4,0.0415224913494809,1
382,19,313,1,0,4,0.060702875399361,1
383,28,465,3,0,4,0.0602150537634408,1
384,0,462,0,0,4,0.0,1
385,5,349,1,1,1,0.0143266475644699,1
386,4,449,0,1,3,0.0089086859688195,1
387,0,528,0,0,2,0.0,1
388,51,636,3,1,4,0.080188679245283,1
389,7,314,2,1,4,0.0222929936305732,1
390,102,809,1,1,2,0.1260815822002472,1
391,5,547,1,1,4,0.0091407678244972,1
392,57,1496,3,1,4,0.0381016042780748,1
393,0,579,0,0,4,0.0,1
394,42,420,3,0,0,0.1,1
395,4,448,3,0,1,0.0089285714285714,1
396,40,525,1,1,4,0.0761904761904762,1
397,5,355,3,1,3,0.0140845070422535,1
398,68,582,3,1,3,0.1168384879725085,1
399,43,862,3,1,0,0.0498839907192575,1
400,2,357,2,1,4,0.0056022408963585,1
401,100,492,3,0,3,0.2032520325203252,1
402,36,423,3,1,4,0.0851063829787234,1
403,704,707,3,1,1,0.9957567185289956,1
404,56,798,2,0,2,0.0701754385964912,1
405,0,531,2,0,3,0.0,1
406,10,512,3,1,4,0.01953125,1
407,62,504,4,0,4,0.123015873015873,1
408,19,306,1,0,3,0.0620915032679738,1
409,1,361,1,0,4,0.002770083102493,1
410,88,459,1,1,2,0.1917211328976034,1
411,24,529,1,1,1,0.0453686200378071,1
412,62,572,2,1,4,0.1083916083916083,1
413,33,379,3,1,4,0.0870712401055409,1
414,30,587,1,1,1,0.0511073253833049,1
415,11,563,1,0,4,0.019538188277087,1
416,157,313,3,0,1,0.5015974440894568,1
417,147,861,2,1,4,0.1707317073170731,1
418,60,319,2,1,3,0.1880877742946708,1
419,11,487,1,0,2,0.0225872689938398,1
420,41,1126,2,0,4,0.0364120781527531,1
421,124,1038,1,1,4,0.1194605009633911,1
422,0,316,1,0,3,0.0,1
423,37,1814,1,1,2,0.0203969128996692,1
424,0,311,3,0,4,0.0,1
425,205,336,3,1,4,0.6101190476190477,1
426,1,335,0,1,1,0.0029850746268656,1
427,468,468,3,1,4,1.0,1
428,40,540,1,1,3,0.074074074074074,1
429,7,457,3,0,2,0.0153172866520787,1
430,16,357,0,1,2,0.0448179271708683,1
431,13,616,1,0,4,0.0211038961038961,1
432,108,360,3,0,1,0.3,1
433,28,532,3,0,1,0.0526315789473684,1
434,0,337,2,1,3,0.0,1
435,1,476,3,0,4,0.0021008403361344,1
436,39,518,1,1,3,0.0752895752895752,1
437,82,593,1,1,2,0.1382799325463743,1
438,23,542,2,1,2,0.0424354243542435,1
439,0,462,3,1,1,0.0,1
440,78,419,3,0,1,0.1861575178997613,1
441,0,305,1,1,3,0.0,1
442,0,355,0,0,2,0.0,1
443,3,1146,3,0,4,0.0026178010471204,1
444,212,437,3,0,4,0.4851258581235698,1
445,6,1053,4,0,3,0.0056980056980056,1
446,0,423,0,1,3,0.0,1
447,33,326,3,0,2,0.1012269938650306,1
448,21,528,4,0,4,0.0397727272727272,1
449,45,306,3,0,4,0.1470588235294117,1
450,76,774,2,1,0,0.0981912144702842,1
451,1,383,3,0,2,0.0026109660574412,1
452,3,606,4,0,4,0.0049504950495049,1
453,74,645,2,1,0,0.1147286821705426,1
454,49,384,2,1,0,0.1276041666666666,1
455,0,370,3,1,2,0.0,1
456,608,608,3,0,2,1.0,1
457,63,528,3,1,3,0.1193181818181818,1
458,7,351,2,1,0,0.0199430199430199,1
459,18,526,0,1,0,0.0342205323193916,1
460,17,640,0,1,1,0.0265625,1
461,42,612,1,1,4,0.0686274509803921,1
462,0,585,3,1,1,0.0,1
463,85,315,2,0,4,0.2698412698412698,1
464,182,404,2,0,4,0.4504950495049505,1
465,139,329,0,1,1,0.4224924012158054,1
466,12,334,3,1,2,0.0359281437125748,1
467,349,423,3,1,4,0.8250591016548463,1
468,1,597,3,0,4,0.0016750418760469,1
469,0,414,0,1,3,0.0,1
470,79,905,2,1,3,0.087292817679558,1
471,119,540,1,1,4,0.2203703703703703,1
472,8,479,3,1,4,0.0167014613778705,1
473,0,574,2,1,4,0.0,1
474,65,296,2,1,4,0.2195945945945946,1
475,0,337,2,1,3,0.0,1
476,9,310,2,1,3,0.0290322580645161,1
477,53,365,2,1,2,0.1452054794520547,1
478,74,749,3,1,4,0.0987983978638184,1
479,2,488,3,1,0,0.0040983606557377,1
480,7,485,3,1,4,0.0144329896907216,1
481,112,414,3,1,4,0.2705314009661835,1
482,8,354,2,1,3,0.0225988700564971,1
483,38,375,3,1,4,0.1013333333333333,1
484,87,319,4,0,4,0.2727272727272727,1
485,16,803,1,1,3,0.0199252801992528,1
486,2,564,3,1,4,0.0035460992907801,1
487,41,319,3,1,1,0.128526645768025,1
488,62,518,1,1,3,0.1196911196911196,1
489,153,566,3,0,4,0.2703180212014134,1
490,232,635,2,1,0,0.3653543307086614,1
491,426,427,2,0,4,0.9976580796252928,1
492,28,347,3,0,4,0.0806916426512968,1
493,28,395,1,1,3,0.070886075949367,1
494,39,802,2,0,2,0.0486284289276807,1
495,107,573,4,0,3,0.1867364746945898,1
496,32,1496,3,1,4,0.0213903743315508,1
497,23,621,1,1,1,0.037037037037037,1
498,0,317,3,0,4,0.0,1
499,52,514,3,0,4,0.1011673151750972,1
500,0,292,1,1,4,0.0,1
501,149,522,1,0,4,0.2854406130268199,1
502,9,317,1,0,0,0.028391167192429,1
503,2,674,1,1,4,0.0029673590504451,1
504,48,317,2,0,4,0.1514195583596214,1
505,0,543,2,0,4,0.0,1
506,1,668,1,1,4,0.0014970059880239,1
507,0,469,2,1,4,0.0,1
508,17,603,1,1,4,0.0281923714759535,1
509,138,563,2,0,4,0.2451154529307282,1
510,86,340,1,0,4,0.2529411764705882,1
511,0,809,2,1,4,0.0,1
512,133,750,2,0,4,0.1773333333333333,1
513,0,494,1,0,4,0.0,1
514,337,361,3,0,4,0.9335180055401662,1
515,91,766,1,0,0,0.118798955613577,1
516,7,354,1,1,4,0.019774011299435,1
517,1,373,1,1,4,0.002680965147453,1
518,0,295,1,0,4,0.0,1
519,1,751,2,0,4,0.0013315579227696,1
520,35,350,0,1,4,0.1,1
521,11,304,1,1,4,0.0361842105263157,1
522,92,713,1,0,4,0.1290322580645161,1
523,0,375,1,0,4,0.0,1
524,1,527,2,1,4,0.0018975332068311,1
525,0,517,2,0,4,0.0,1
526,0,838,1,1,4,0.0,1
527,0,342,3,1,4,0.0,1
528,0,377,1,0,4,0.0,1
529,24,335,1,1,4,0.0716417910447761,1
530,0,716,3,0,4,0.0,1
531,62,319,0,1,4,0.1943573667711598,1
532,0,391,2,1,4,0.0,1
533,58,558,0,1,4,0.1039426523297491,1
534,152,384,1,1,4,0.3958333333333333,1
535,14,667,1,1,4,0.0209895052473763,1
536,37,603,1,1,4,0.0613598673300165,1
537,32,385,1,1,2,0.0831168831168831,1
538,28,596,1,1,4,0.046979865771812,1
539,2,313,2,0,4,0.0063897763578274,1
540,29,957,1,1,4,0.0303030303030303,1
541,0,390,1,0,4,0.0,1
542,21,320,1,1,4,0.065625,1
543,0,718,2,0,4,0.0,1
544,65,355,1,1,0,0.1830985915492957,1
545,0,436,1,1,4,0.0,1
546,117,714,1,1,3,0.1638655462184874,1
547,496,496,2,0,4,1.0,1
548,1,573,1,0,4,0.0017452006980802,1
549,98,624,1,1,4,0.157051282051282,1
550,93,444,3,0,4,0.2094594594594594,1
551,676,727,2,0,4,0.9298486932599724,1
552,28,303,2,0,4,0.0924092409240924,1
553,0,364,1,1,4,0.0,1
554,88,828,3,0,4,0.1062801932367149,1
555,119,572,1,1,4,0.208041958041958,1
556,40,372,1,1,4,0.1075268817204301,1
557,53,509,2,0,4,0.1041257367387033,1
558,48,535,1,1,4,0.0897196261682242,1
559,148,334,3,0,4,0.4431137724550898,1
560,6,349,2,0,4,0.0171919770773638,1
561,0,416,2,1,4,0.0,1
562,16,467,3,0,4,0.0342612419700214,1
563,33,390,1,1,4,0.0846153846153846,1
564,0,648,2,0,4,0.0,1
565,1,430,1,1,2,0.0023255813953488,1
566,4,723,1,1,4,0.0055325034578146,1
567,328,340,2,1,4,0.9647058823529412,1
568,0,570,1,0,4,0.0,1
569,19,335,1,0,4,0.0567164179104477,1
570,0,430,1,1,0,0.0,1
571,0,576,1,0,4,0.0,1
572,24,347,2,0,4,0.069164265129683,1
573,10,613,2,0,4,0.0163132137030995,1
574,1,507,2,0,2,0.0019723865877712,1
575,57,557,1,1,4,0.1023339317773788,1
576,26,461,1,1,4,0.0563991323210412,1
577,0,344,1,1,4,0.0,1
578,54,564,1,1,4,0.0957446808510638,1
579,20,476,3,0,4,0.042016806722689,1
580,277,292,1,1,4,0.9486301369863014,1
581,30,382,1,0,4,0.0785340314136125,1
582,10,431,1,0,4,0.0232018561484918,1
583,25,475,2,1,4,0.0526315789473684,1
584,8,475,1,0,4,0.0168421052631578,1
585,1,359,1,1,4,0.0027855153203342,1
586,20,379,1,1,4,0.0527704485488126,1
587,42,626,2,1,4,0.0670926517571885,1
588,18,544,1,1,4,0.0330882352941176,1
589,68,686,1,1,4,0.0991253644314868,1
590,45,600,1,1,4,0.075,1
591,68,541,1,0,4,0.1256931608133087,1
592,0,383,2,1,4,0.0,1
593,191,535,1,1,4,0.3570093457943925,1
594,0,294,2,0,4,0.0,1
595,25,565,1,1,4,0.0442477876106194,1
596,31,557,1,1,0,0.0556552962298025,1
597,7,297,1,1,4,0.0235690235690235,1
598,3,686,1,1,4,0.0043731778425655,1
599,78,398,2,1,4,0.1959798994974874,1
600,38,388,2,0,4,0.0979381443298969,1
601,53,364,1,0,4,0.1456043956043956,1
602,39,667,1,1,4,0.0584707646176911,1
603,11,296,1,1,4,0.0371621621621621,1
604,60,825,1,1,4,0.0727272727272727,1
605,44,664,3,0,4,0.0662650602409638,1
606,28,387,1,1,4,0.0723514211886304,1
607,14,454,0,1,4,0.0308370044052863,1
608,1203,1205,2,0,4,0.9983402489626556,1
609,0,489,1,1,3,0.0,1
610,323,394,3,1,4,0.8197969543147208,1
611,0,645,1,1,4,0.0,1
612,33,420,2,0,4,0.0785714285714285,1
613,6,415,2,0,4,0.0144578313253012,1
614,336,507,1,1,4,0.6627218934911243,1
615,0,452,1,1,2,0.0,1
616,0,663,1,1,4,0.0,1
617,12,312,1,1,4,0.0384615384615384,1
618,9,382,1,1,4,0.0235602094240837,1
619,27,305,2,0,4,0.0885245901639344,1
620,30,628,2,0,4,0.0477707006369426,1
621,68,370,1,1,4,0.1837837837837838,1
622,0,371,1,0,4,0.0,1
623,8,352,1,1,4,0.0227272727272727,1
624,0,350,1,1,4,0.0,1
625,21,332,1,1,4,0.0632530120481927,1
626,0,975,1,0,4,0.0,1
627,38,374,1,0,4,0.1016042780748663,1
628,10,895,1,0,4,0.0111731843575419,1
629,76,990,1,1,4,0.0767676767676767,1
630,0,423,1,1,3,0.0,1
631,23,424,1,0,4,0.0542452830188679,1
632,0,427,1,0,4,0.0,1
633,0,512,1,1,4,0.0,1
634,67,338,1,1,4,0.1982248520710059,1
635,0,764,1,1,3,0.0,1
636,0,335,3,1,4,0.0,1
637,57,510,1,1,4,0.1117647058823529,1
638,18,698,1,0,4,0.0257879656160458,1
639,58,662,2,0,2,0.0876132930513595,1
640,3,306,1,0,4,0.0098039215686274,1
641,68,350,1,1,4,0.1942857142857142,1
642,59,573,1,1,4,0.1029668411867364,1
643,299,364,1,1,4,0.8214285714285714,1
644,3,413,1,1,4,0.0072639225181598,1
645,179,554,1,1,4,0.3231046931407942,1
646,0,440,1,1,4,0.0,1
647,699,699,2,0,4,1.0,1
648,321,471,1,1,4,0.6815286624203821,1
649,97,930,1,1,4,0.1043010752688172,1
650,50,693,1,1,4,0.0721500721500721,1
651,0,380,1,1,4,0.0,1
652,0,456,1,1,4,0.0,1
653,0,731,2,0,4,0.0,1
654,84,410,1,1,4,0.2048780487804878,1
655,16,678,1,0,4,0.023598820058997,1
656,23,505,1,0,4,0.0455445544554455,1
657,74,546,1,1,4,0.1355311355311355,1
658,48,404,2,0,4,0.1188118811881188,1
659,129,1001,1,1,4,0.1288711288711288,1
660,0,340,1,1,4,0.0,1
661,0,513,2,1,2,0.0,1
662,39,496,1,1,4,0.0786290322580645,1
663,26,316,1,1,4,0.0822784810126582,1
664,13,293,2,1,4,0.0443686006825938,1
665,12,324,1,0,4,0.037037037037037,1
666,0,383,1,0,4,0.0,1
667,117,469,1,1,4,0.2494669509594882,1
668,0,398,1,1,4,0.0,1
669,384,489,1,0,4,0.7852760736196319,1
670,58,481,1,1,4,0.1205821205821205,1
671,0,343,1,1,4,0.0,1
672,50,541,1,1,4,0.0924214417744916,1
673,44,592,1,1,4,0.0743243243243243,1
674,147,367,1,0,4,0.4005449591280653,1
675,44,421,2,0,0,0.1045130641330166,1
676,38,515,1,1,0,0.0737864077669902,1
677,15,314,2,1,4,0.0477707006369426,1
678,0,400,1,1,4,0.0,1
679,16,416,1,0,4,0.0384615384615384,1
680,23,300,1,1,4,0.0766666666666666,1
681,0,840,1,0,4,0.0,1
682,3,965,3,0,4,0.0031088082901554,1
683,37,302,1,1,4,0.1225165562913907,1
684,58,497,1,1,4,0.1167002012072434,1
685,38,522,2,0,4,0.0727969348659003,1
686,288,342,1,1,4,0.8421052631578947,1
687,26,469,1,1,2,0.0554371002132196,1
688,70,571,1,1,4,0.1225919439579684,1
689,0,455,2,0,4,0.0,1
690,211,331,2,0,4,0.6374622356495468,1
691,44,540,2,0,4,0.0814814814814814,1
692,0,354,1,1,0,0.0,1
693,61,595,1,1,4,0.1025210084033613,1
694,299,299,2,0,4,1.0,1
695,39,310,1,0,4,0.1258064516129032,1
696,46,405,1,1,3,0.1135802469135802,1
697,120,465,1,0,4,0.2580645161290322,1
698,10,304,1,1,4,0.0328947368421052,1
699,25,524,1,0,4,0.0477099236641221,1
700,89,333,2,1,4,0.2672672672672673,1
701,11,393,3,0,4,0.0279898218829516,1
702,45,749,2,0,2,0.0600801068090787,1
703,14,375,2,1,3,0.0373333333333333,1
704,15,450,1,1,4,0.0333333333333333,1
705,22,473,4,0,4,0.0465116279069767,1
706,11,328,2,1,0,0.0335365853658536,1
707,10,1034,3,0,4,0.0096711798839458,1
708,2,549,1,1,2,0.0036429872495446,1
709,2,300,0,1,2,0.0066666666666666,1
710,18,378,3,1,4,0.0476190476190476,1
711,38,292,2,0,4,0.1301369863013698,1
712,405,550,2,1,4,0.7363636363636363,1
713,0,527,1,1,0,0.0,1
714,0,560,1,1,4,0.0,1
715,0,856,2,0,4,0.0,1
716,0,628,2,1,4,0.0,1
717,4,374,2,1,3,0.0106951871657754,1
718,0,578,1,1,1,0.0,1
719,0,402,3,0,4,0.0,1
720,44,564,2,1,0,0.0780141843971631,1
721,109,581,3,0,1,0.1876075731497418,1
722,395,396,2,1,4,0.9974747474747476,1
723,67,730,3,1,4,0.0917808219178082,1
724,45,600,0,1,2,0.075,1
725,0,699,2,1,1,0.0,1
726,51,410,2,1,1,0.124390243902439,1
727,69,554,3,0,1,0.1245487364620938,1
728,43,568,0,1,2,0.0757042253521126,1
729,32,636,4,0,4,0.050314465408805,1
730,23,719,2,0,2,0.0319888734353268,1
731,0,778,2,0,4,0.0,1
732,50,426,2,0,1,0.1173708920187793,1
733,4,518,1,1,0,0.0077220077220077,1
734,75,1098,1,0,2,0.0683060109289617,1
735,1,802,1,0,4,0.0012468827930174,1
736,1,414,3,1,0,0.002415458937198,1
737,9,369,1,0,4,0.024390243902439,1
738,187,417,3,1,4,0.448441247002398,1
739,0,304,2,1,4,0.0,1
740,38,348,0,1,4,0.1091954022988505,1
741,130,370,3,0,4,0.3513513513513513,1
742,5,623,2,0,3,0.0080256821829855,1
743,0,311,3,1,0,0.0,1
744,45,294,1,0,2,0.1530612244897959,1
745,0,569,2,0,4,0.0,1
746,21,493,3,0,4,0.0425963488843813,1
747,0,470,4,0,0,0.0,1
748,0,318,0,1,0,0.0,1
749,4,693,2,1,4,0.0057720057720057,1
750,36,441,1,1,3,0.0816326530612244,1
751,3,331,1,1,3,0.0090634441087613,1
752,150,1016,1,1,0,0.1476377952755905,1
753,89,686,2,1,0,0.129737609329446,1
754,0,401,3,1,0,0.0,1
755,5,336,4,0,4,0.0148809523809523,1
756,16,570,3,1,3,0.0280701754385964,1
757,35,441,2,0,4,0.0793650793650793,1
758,43,391,1,1,2,0.1099744245524296,1
759,433,434,2,0,3,0.9976958525345622,1
760,1,306,1,1,1,0.0032679738562091,1
761,1,343,1,1,4,0.0029154518950437,1
762,408,416,3,1,3,0.9807692307692308,1
763,53,812,0,1,2,0.0652709359605911,1
764,0,369,2,1,2,0.0,1
765,25,388,3,1,4,0.0644329896907216,1
766,5,860,1,1,4,0.005813953488372,1
767,2,407,2,0,1,0.0049140049140049,1
768,0,330,3,0,3,0.0,1
769,105,484,1,1,4,0.2169421487603305,1
770,27,653,3,0,4,0.0413476263399693,1
771,73,634,0,1,4,0.1151419558359621,1
772,1,341,0,1,0,0.002932551319648,1
773,44,579,1,1,3,0.0759930915371329,1
774,302,313,3,0,4,0.9648562300319488,1
775,0,559,4,0,4,0.0,1
776,331,331,1,1,4,1.0,1
777,0,325,2,0,4,0.0,1
778,0,328,2,1,0,0.0,1
779,26,306,4,0,4,0.0849673202614379,1
780,16,402,3,1,4,0.0398009950248756,1
781,119,475,3,1,0,0.2505263157894737,1
782,20,556,2,0,4,0.0359712230215827,1
783,11,403,2,1,1,0.0272952853598014,1
784,0,557,2,1,3,0.0,1
785,79,413,1,1,4,0.1912832929782082,1
786,7,520,1,1,3,0.0134615384615384,1
787,2,502,2,0,2,0.0039840637450199,1
788,0,534,3,1,1,0.0,1
789,40,567,0,1,0,0.0705467372134038,1
790,413,690,3,0,4,0.5985507246376811,1
791,27,333,2,0,4,0.081081081081081,1
792,0,383,4,0,4,0.0,1
793,215,590,3,0,4,0.3644067796610169,1
794,36,879,1,0,4,0.0409556313993174,1
795,31,550,1,1,4,0.0563636363636363,1
796,96,1001,0,1,3,0.0959040959040959,1
797,0,434,3,0,4,0.0,1
798,7,371,1,1,4,0.0188679245283018,1
799,0,1227,3,1,2,0.0,1
800,51,338,4,0,4,0.150887573964497,1
801,0,444,4,0,3,0.0,1
802,15,351,2,1,4,0.0427350427350427,1
803,1,297,2,1,0,0.0033670033670033,1
804,0,359,1,1,3,0.0,1
805,0,411,2,0,4,0.0,1
806,0,301,2,1,4,0.0,1
807,7,650,4,0,2,0.0107692307692307,1
808,1,637,0,1,2,0.0015698587127158,1
809,367,367,4,1,2,1.0,1
810,0,1052,2,1,1,0.0,1
811,14,542,3,0,4,0.025830258302583,1
812,4,433,3,0,4,0.0092378752886836,1
813,0,360,2,1,0,0.0,1
814,23,550,2,1,1,0.0418181818181818,1
815,198,452,3,0,4,0.4380530973451327,1
816,9,411,0,1,3,0.0218978102189781,1
817,419,419,2,1,2,1.0,1
818,0,466,2,0,4,0.0,1
819,0,927,1,1,1,0.0,1
820,65,665,3,0,1,0.0977443609022556,1
821,8,423,3,0,3,0.0189125295508274,1
822,0,297,2,1,4,0.0,1
823,15,672,2,0,4,0.0223214285714285,1
824,577,577,2,0,4,1.0,1
825,10,547,3,1,3,0.0182815356489945,1
826,0,355,3,0,1,0.0,1
827,21,311,2,1,4,0.067524115755627,1
828,35,319,2,1,4,0.109717868338558,1
829,38,801,2,1,4,0.0474406991260923,1
830,32,511,2,1,4,0.0626223091976516,1
831,0,327,1,1,3,0.0,1
832,17,553,3,1,4,0.0307414104882459,1
833,305,600,3,0,4,0.5083333333333333,1
834,218,303,1,0,2,0.7194719471947195,1
835,48,426,1,1,4,0.1126760563380281,1
836,12,343,1,1,3,0.0349854227405247,1
837,9,443,1,1,1,0.0203160270880361,1
838,40,457,1,1,1,0.087527352297593,1
839,1,385,2,1,4,0.0025974025974025,1
840,23,840,3,0,4,0.0273809523809523,1
841,0,519,4,0,1,0.0,1
842,99,447,4,1,1,0.2214765100671141,1
843,16,318,4,0,4,0.050314465408805,1
844,0,852,3,0,4,0.0,1
845,270,356,3,0,4,0.7584269662921348,1
846,36,353,4,0,0,0.1019830028328611,1
847,21,301,0,0,1,0.0697674418604651,1
848,185,360,3,0,4,0.5138888888888888,1
849,11,322,3,1,4,0.0341614906832298,1
850,5,612,3,1,3,0.0081699346405228,1
851,4,833,2,0,4,0.0048019207683073,1
852,11,427,3,0,4,0.0257611241217798,1
853,21,616,3,1,4,0.034090909090909,1
854,7,294,3,0,0,0.0238095238095238,1
855,0,630,2,0,4,0.0,1
856,116,1103,2,0,4,0.1051677243880326,1
857,1,640,3,0,4,0.0015625,1
858,104,483,3,0,4,0.2153209109730849,1
859,41,333,4,0,4,0.1231231231231231,1
860,0,459,0,1,1,0.0,1
861,0,594,3,0,4,0.0,1
862,470,470,2,1,4,1.0,1
863,38,513,1,1,2,0.074074074074074,1
864,30,326,4,1,3,0.0920245398773006,1
865,0,347,0,1,3,0.0,1
866,5,509,4,0,4,0.0098231827111984,1
867,69,1489,1,1,4,0.0463398253861652,1
868,32,431,2,1,4,0.074245939675174,1
869,18,333,2,1,2,0.054054054054054,1
870,15,604,3,1,4,0.0248344370860927,1
871,318,348,3,1,3,0.913793103448276,1
872,0,474,4,1,4,0.0,1
873,0,884,2,1,4,0.0,1
874,0,469,1,0,3,0.0,1
875,8,422,3,0,4,0.0189573459715639,1
876,49,313,2,0,3,0.1565495207667731,1
877,438,570,2,0,4,0.7684210526315789,1
878,120,736,4,0,4,0.1630434782608695,1
879,0,839,2,0,1,0.0,1
880,435,435,3,1,2,1.0,1
881,47,638,3,0,4,0.073667711598746,1
882,15,333,0,1,1,0.045045045045045,1
883,120,433,1,1,4,0.277136258660508,1
884,335,343,2,1,4,0.97667638483965,1
885,26,329,2,1,4,0.0790273556231003,1
886,0,525,3,0,4,0.0,1
887,11,339,3,1,1,0.0324483775811209,1
888,307,307,3,0,4,1.0,1
889,12,329,0,1,3,0.0364741641337386,1
890,0,341,2,1,1,0.0,1
891,103,296,3,0,4,0.3479729729729729,1
892,54,311,1,1,3,0.1736334405144694,1
893,107,537,3,1,4,0.1992551210428305,1
894,0,328,4,0,3,0.0,1
895,0,294,4,0,4,0.0,1
896,29,531,2,0,4,0.0546139359698681,1
897,30,333,3,1,4,0.09009009009009,1
898,6,349,3,0,4,0.0171919770773638,1
899,74,560,3,0,4,0.1321428571428571,1
900,98,341,2,1,4,0.2873900293255132,1
901,0,523,2,0,2,0.0,1
902,0,295,3,0,3,0.0,1
903,40,567,3,0,4,0.0705467372134038,1
904,20,359,0,1,3,0.0557103064066852,1
905,38,382,0,1,2,0.0994764397905759,1
906,38,389,4,0,4,0.0976863753213367,1
907,114,525,3,1,1,0.2171428571428571,1
908,45,667,3,0,2,0.0674662668665667,1
909,1,637,3,0,4,0.0015698587127158,1
910,0,292,3,0,3,0.0,1
911,15,329,4,0,4,0.0455927051671732,1
912,0,647,4,0,4,0.0,1
913,208,634,1,1,4,0.3280757097791798,1
914,2,307,1,0,4,0.006514657980456,1
915,1,352,1,0,4,0.002840909090909,1
916,17,484,3,1,4,0.0351239669421487,1
917,37,448,2,1,4,0.0825892857142857,1
918,39,472,3,1,4,0.0826271186440678,1
919,51,534,1,0,4,0.095505617977528,1
920,1,371,4,0,1,0.0026954177897574,1
921,0,296,0,0,4,0.0,1
922,6,616,3,0,4,0.0097402597402597,1
923,595,602,2,0,3,0.9883720930232558,1
924,48,1248,1,1,4,0.0384615384615384,1
925,0,356,3,0,4,0.0,1
926,0,333,3,1,4,0.0,1
927,0,697,2,0,4,0.0,1
928,1,376,2,0,4,0.0026595744680851,1
929,0,462,2,1,4,0.0,1
930,350,448,1,1,4,0.78125,1
931,14,319,2,1,4,0.0438871473354232,1
932,19,484,3,0,3,0.0392561983471074,1
933,93,494,3,0,4,0.1882591093117409,1
934,0,377,2,1,4,0.0,1
935,22,540,2,1,3,0.0407407407407407,1
936,20,297,2,1,4,0.0673400673400673,1
937,0,455,4,0,0,0.0,1
938,0,369,3,0,2,0.0,1
939,0,511,2,0,4,0.0,1
940,71,309,1,1,1,0.2297734627831715,1
941,268,494,2,1,4,0.5425101214574899,1
942,15,495,3,0,1,0.0303030303030303,1
943,0,470,3,0,2,0.0,1
944,0,342,3,1,1,0.0,1
945,0,761,1,0,3,0.0,1
946,46,462,1,1,2,0.0995670995670995,1
947,70,641,2,1,4,0.1092043681747269,1
948,109,434,0,1,1,0.2511520737327189,1
949,24,686,2,1,2,0.0349854227405247,1
950,131,763,1,1,0,0.1716906946264744,1
951,90,1176,1,1,4,0.0765306122448979,1
952,0,700,0,1,1,0.0,1
953,139,351,2,1,2,0.396011396011396,1
954,24,376,2,1,4,0.0638297872340425,1
955,0,531,4,0,4,0.0,1
956,0,542,3,1,4,0.0,1
957,54,418,1,1,1,0.1291866028708134,1
958,50,392,1,1,4,0.1275510204081632,1
959,7,482,2,1,2,0.0145228215767634,1
960,206,345,3,1,4,0.5971014492753624,1
961,32,323,1,1,3,0.0990712074303405,1
962,36,460,2,1,4,0.0782608695652174,1
963,411,692,2,0,4,0.5939306358381503,1
964,0,451,2,1,4,0.0,1
965,0,348,3,1,0,0.0,1
966,0,364,3,0,3,0.0,1
967,36,412,2,1,4,0.087378640776699,1
968,3,300,2,1,1,0.01,1
969,0,356,2,1,4,0.0,1
970,11,476,2,1,4,0.0231092436974789,1
971,32,354,1,0,4,0.0903954802259887,1
972,2,311,3,1,4,0.0064308681672025,1
973,463,533,3,1,2,0.8686679174484052,1
974,313,318,2,0,4,0.9842767295597484,1
975,39,304,1,1,4,0.1282894736842105,1
976,16,328,2,1,4,0.048780487804878,1
977,22,651,1,1,3,0.0337941628264208,1
978,87,757,3,1,3,0.1149273447820343,1
979,8,335,2,0,4,0.0238805970149253,1
980,116,383,3,1,4,0.3028720626631854,1
981,83,372,2,1,4,0.2231182795698924,1
982,54,845,4,0,2,0.0639053254437869,1
983,0,406,3,1,4,0.0,1
984,0,339,2,1,4,0.0,1
985,29,343,1,1,4,0.0845481049562682,1
986,361,828,2,1,4,0.4359903381642512,1
987,49,575,3,0,4,0.0852173913043478,1
988,6,455,3,0,4,0.0131868131868131,1
989,116,960,3,1,4,0.1208333333333333,1
990,82,305,1,1,4,0.2688524590163934,1
991,40,402,1,0,4,0.099502487562189,1
992,50,718,1,1,4,0.0696378830083565,1
993,29,409,1,1,4,0.0709046454767726,1
994,22,316,1,1,1,0.0696202531645569,1
995,41,548,1,0,3,0.0748175182481751,1
996,1,312,2,0,3,0.0032051282051282,1
997,24,438,2,1,3,0.0547945205479452,1
998,21,344,1,1,4,0.0610465116279069,1
999,4,335,2,1,4,0.0119402985074626,1
